genre,name,artists_name,album_name,album_release_date,duration_ms,popularity,track_number,uri
world-music,Èù©ÂëΩÈÅì‰∏≠ - On The Way,AiNA THE END,Èù©ÂëΩÈÅì‰∏≠ - On The Way,2025-07-02,197668,78,1,spotify:track:1oFqKeepmT5S8BCGqJl7Ar
world-music,Mayonaka no Door / Stay With Me,Miki Matsubara,Miki Matsubara Best Collection,2008,312293,77,4,spotify:track:2BHj31ufdEqVK5CkYDp9mA
world-music,„Ç™„Éà„Éé„Ç± - Otonoke,Creepy Nuts,„Ç™„Éà„Éé„Ç± - Otonoke,2024-10-04,185626,78,1,spotify:track:6KYOlIwDHbrbeBbJEtQ0Fj
world-music,Mirage (OP Theme to Call of the Night Season 2),Creepy Nuts,Mirage,2025-07-04,138573,78,1,spotify:track:3GVNp2UgIp2TN3ra67cxdg
world-music,„Åä„Å§„Åã„ÇåSUMMER,HALCALI,„Éè„É´„Ç´„É™„Éô„Éº„Ç≥„É≥,2003-09-03,239533,75,5,spotify:track:3clPsjTbx4UOPMeQn7FZkV
world-music,Aishite Aishite Aishite,Ado,Ado's Utattemita Album,2023-12-13,258372,72,3,spotify:track:4gpvY7b9wHA9G1ZsMDu15b
world-music,Kaikai Kitan,Eve,Kaikai Kitan / Ao No Waltz,2020-12-23,221426,73,1,spotify:track:6y4GYuZszeXNOXuBFsJlos
world-music,Shinunoga E-Wa,Fujii Kaze,HELP EVER HURT NEVER,2020-05-20,185573,79,8,spotify:track:0o9zmvc5f3EFApU52PPIyW
world-music,Bling-Bang-Bang-Born,Creepy Nuts,Bling-Bang-Bang-Born,2024-01-07,168135,77,1,spotify:track:0kdqcbwei4MDWFEX5f33yG
world-music,ReawakeR (feat. Felix of Stray Kids),"LiSA, Felix",ReawakeR (feat. Felix of Stray Kids),2025-01-05,184993,75,1,spotify:track:2rOUaQ1TGj7wZdHdn9UgTL
world-music,Á¥ÖËìÆËèØ,LiSA,LEO-NiNE,2020-10-14,237586,75,2,spotify:track:0qMip0B2D4ePEjBJvAtYre
world-music,I Really Want to Stay at Your House,"Rosa Walton, Hallie Coggins","Cyberpunk 2077: Radio, Vol. 2 (Original Soundtrack)",2020-12-18,246652,78,5,spotify:track:7mykoq6R3BArsSpNDjFQTm
world-music,„Ç∑„É´„Ç®„ÉÉ„Éà,KANA-BOON,TIME,2015-01-21,240133,75,10,spotify:track:1di1C0QI6Y92yZPYn6XYAZ
world-music,Usseewa,Ado,Kyougen,2022-01-26,206893,71,11,spotify:track:61KYsWS25JXUO4fGb1138X
world-music,Abyss - from Kaiju No. 8,YUNGBLUD,Abyss (from Kaiju No. 8),2024-01-19,123293,73,1,spotify:track:2kLWSmKHhfUBepkIA9oNe5
world-music,"Aoi, Koi, Daidaiiro No Hi",MASS OF THE FERMENTING DREGS,World Is Yours,2009-01-21,282173,71,2,spotify:track:5S8jc9sCle880PjbwnEzsY
world-music,KICK BACK,Kenshi Yonezu,KICK BACK,2022-10-12,193495,73,1,spotify:track:3khEEPRyBeOUabbmOPJzAG
world-music,The Rumbling,SiM,The Rumbling,2022-02-07,220799,70,1,spotify:track:6k0X05danQOXSBTVek5DU1
world-music,Èùí„ÅÆ„Åô„Åø„Åã,Tatsuya Kitani,Èùí„ÅÆ„Åô„Åø„Åã,2023-07-07,196466,72,1,spotify:track:12usPU2WnqgCHAW1EK2dfd
world-music,Hai Yorokonde,Kocchi no Kento,Hai Yorokonde,2024-05-27,161632,71,1,spotify:track:6woV8uWxn7rcLZxJKYruS1
world-music,unravel,TK from Ling tosite sigure,Fantastic Magic,2014-08-27,238360,73,2,spotify:track:1rN9QoVxw5U7TJkyaUR8C1
world-music,NIGHT DANCER,imase,POP CUBE,2022-11-09,210600,73,6,spotify:track:3gmn76fCtpDazGMnN0QMHX
world-music,„Ç´„ÉØ„Ç≠„É≤„Ç¢„É°„ÇØ,ÁæéÊ≥¢,„Ç´„ÉØ„Ç≠„É≤„Ç¢„É°„ÇØ,2019-01-30,251933,70,1,spotify:track:3kUWZiVYJ4YQOl0u7Y1Og8
world-music,„Éñ„É´„Éº„Éê„Éº„Éâ,Ikimonogakari,Chou Ikimonobakari Tennen Kinen Members Best Selection,2006,215706,70,3,spotify:track:2XpV9sHBexcNrz0Gyf3l18
world-music,„Éî„Éº„Çπ„Çµ„Ç§„É≥ - Peace Sign,Kenshi Yonezu,BOOTLEG,2017-11-01,238533,72,3,spotify:track:364JzOajs76bJymjHm3sVY
world-music,crossing field,LiSA,LANDSPACE,2013-10-30,248946,70,3,spotify:track:4BvuZVf9KyBN3QiPfeI9hw
world-music,„Ç™„Éà„Éé„Ç± - Otonoke,Creepy Nuts,LEGION,2025-02-05,186040,71,11,spotify:track:185mDjE865QpjA4MtzAzgs
world-music,Âî±,Ado,"Ado ""Ready For My Show Playlist""",2024-02-06,192653,70,2,spotify:track:7o0TPSw494RG2Q4iWmd1v6
world-music,DARK ARIA <LV2>,"SawanoHiroyuki[nZk], XAI",LEveL,2024-01-24,142080,69,2,spotify:track:5Mg4ZgUgR6whGObRh6UGn0
world-music,Shinzo wo Sasageyo !,Linked Horizon,Shingeki no Kiseki,2017-05-17,341413,68,11,spotify:track:5uraJqtCBvLpwt3VeomZdq
world-music,Bling-Bang-Bang-Born,Creepy Nuts,LEGION,2025-02-05,169640,70,6,spotify:track:4LhDEsC2tzaVuZbWAaCLrP
world-music,again,YUI,HOLIDAYS IN THE SUN,2010-07-14,254346,67,2,spotify:track:4OQq1bcP12GQQXJNupxqfR
world-music,Â†ïÂ§© - Daten,Creepy Nuts,„Ç¢„É≥„Çµ„É≥„Éñ„É´„Éª„Éó„É¨„Ç§,2022-09-07,172906,69,5,spotify:track:5HPsZwo40KA3GThqBFZFac
world-music,Nobody - from Kaiju No. 8,OneRepublic,Nobody (from Kaiju No. 8),2024-04-12,153626,70,1,spotify:track:47N81NMkB488fuOwOC3Oip
world-music,NIGHT DANCER,imase,NIGHT DANCER,2022-08-19,210948,70,1,spotify:track:348NF6vX0Yh22xvH0EZEro
world-music,„Éó„É≠„Éù„Éº„Ç∫,9Lana,„Éó„É≠„Éù„Éº„Ç∫,2024-08-24,234400,69,1,spotify:track:1qODHv6fuFFDtozc05hoN6
world-music,FLY HIGH!!,BURNOUT SYNDROMES,Ê™∏Ê™¨,2016-11-09,244493,66,3,spotify:track:3YOZLPRiTuYgItSGO41gPT
world-music,Á•ûÊßò„ÅØ„Åò„ÇÅ„Åæ„Åó„Åü,Hanae,Á•ûÊßò„ÅØ„Åò„ÇÅ„Åæ„Åó„ÅüÔºèÁ•ûÊßò„ÅäÈ°ò„ÅÑ,2012-11-09,205133,61,1,spotify:track:7LqRjCKrzXuAWOtbZinE4I
world-music,ÊÇ≤„Åó„Åø„Åå„Å®„Åæ„Çâ„Å™„ÅÑ„ÄÄI CAN'T STOP THE LONELINESS,Anri,Timely!!,1983-12-05,263706,69,6,spotify:track:3FYDqY5BRtx3IVSaiQZSze
world-music,KICK BACK,Kenshi Yonezu,LOST CORNER,2024-08-21,194293,69,2,spotify:track:7oYCBKvdjrqp5vDbhDBuac
world-music,„Éù„É©„É™„Çπ,BLUE ENCOUNT,Q.E.D,2020-11-18,224213,64,3,spotify:track:28DlaPydCnrs8NxYOnUPZ8
world-music,Èùí„ÅÆ„Åô„Åø„Åã,Tatsuya Kitani,ROUNDABOUT,2024-01-10,196640,67,2,spotify:track:3zbKiko8V3u2yn1RcT8xBZ
world-music,Invincible - from Kaiju No. 8,OneRepublic,Invincible (from Kaiju No. 8),2025-04-18,155495,69,1,spotify:track:2ndG3pjTjbUWaJxFo9dWi8
world-music,Ë∏ä„ÇäÂ≠ê,Vaundy,replica,2023-11-15,229328,73,9,spotify:track:1YXot2MLAG9sttepCtBRM7
world-music,Overdose,natori,ÂäáÂ†¥,2023-12-20,194106,69,4,spotify:track:7b4fxkOA4NDr4tDylrb10K
world-music,„Çà„Åµ„Åã„Åó„ÅÆ„ÅÜ„Åü - Yofukashino Uta,Creepy Nuts,„Çà„Åµ„Åã„Åó„ÅÆ„ÅÜ„Åü - Yofukashino Uta,2018-12-12,237913,66,1,spotify:track:0LQs5gRhqJKLOl8fFukRsQ
world-music,GO!!!,FLOW,GAME,2004,236160,64,1,spotify:track:30WNOfFRiqgebO4eRkCii8
world-music,Sparkle - movie ver.,RADWIMPS,Your Name.,2016-08-24,537653,67,24,spotify:track:3A4FRzgve9BjfKbvVXRIFO
world-music,Ë®Ä„Å£„Å¶„ÄÇ,„É®„É´„Ç∑„Ç´,Â§èËçâ„ÅåÈÇ™È≠î„Çí„Åô„Çã,2017-06-28,242182,69,3,spotify:track:6z1TvLTR0oOsWSJfDrERmj
world-music,„Åç„Çâ„Çä,Fujii Kaze,Kirari Remixes (Asia Edition),2022-01-14,231882,72,9,spotify:track:51oc6MEsXTpnPn6GOw5VuP
salsa,Checorralero - Carnaval,Checo Acosta,"Checazos de Carnaval, Vol. 3",2006-10-31,299128,0,8,spotify:track:61W5YW99M65KcyHqYE5yYQ
salsa,Tarde,FredyClan,Urbano,2018-03-20,204096,0,8,spotify:track:5s0v42kt1rgDc20CxCm4mF
salsa,Pa Toto,Checo Acosta,"Colombia de Exportaci√≥n Tropical, Vol. 3",2002-10-07,313097,0,4,spotify:track:6i83fz0dusr0oTYZEOJzVu
salsa,La ola Marina,"La Sonora Matancera, Virgilio Gonz√°lez",Mi dulce amante,2019-05-08,170893,0,18,spotify:track:4RC6DCbwDC0BpoMU4vUGOE
salsa,Padre Nuestro,Hern√°n De Arco,Cuan Grande Es √âl,2018-03-22,206173,0,1,spotify:track:3eaYUqgNHxhBxZlsuxz9il
salsa,Te Necesito,David Angel,Para Todas Las Generaciones,2017-08-08,214372,0,4,spotify:track:4xd8eeRLXRGsFMST5d5Tnd
salsa,Liceo de Pilar,Orquesta Arag√≥n,Orqu√≠dea de Plata,2010-06-01,182853,0,21,spotify:track:13renDcAkTZi1V8NybQ6V5
salsa,Ense√±ame a Quererte - Ac√∫stica,Angel Laez,Baladas (Ac√∫stica),2009,204037,0,1,spotify:track:3G4ATUnYPKD76yO4ItRQWr
salsa,Llego La Hora,David Angel,Para Todas Las Generaciones,2017-08-08,247574,0,5,spotify:track:1Hdpvp3uUgCrnsSbTSXuKp
salsa,Ella Quiere Que Le Den Consejo,Orquesta Arag√≥n,Ultimate Salsa Classics,2022-03-09,283271,0,28,spotify:track:17kGSwHI2JsAsv52pKsH33
salsa,TikTok,"Luis Eduardo Ac√∫stico, Alexis Play",Waury,2022-07-24,134407,0,9,spotify:track:4vBngfbTCwnEpANCiHlyDS
salsa,Agua Pa' Mi,Celia Cruz,"The Cuban Collection, Vol. 3",2014-02-12,183452,0,19,spotify:track:6uK7evtydZoke7j9PmdTPu
salsa,Siempre Regreso,Miguel √Ångel,Ser Libre,2014-07-16,221603,0,6,spotify:track:2CTvaZebawSUBbFCrIqrey
salsa,El Brujo de Arjona,"Sonora Carruseles, Delfo Ballestas",Recordando a Guillermo Buitrago,2016-10-03,229960,0,5,spotify:track:1EWCFtlSJAaCtuhbpuo4V4
salsa,Yuya Mart√≠nez - Remastered,Juan Formell y Los Van Van,25 a√±os‚Ä¶ !y seguimos ah√≠¬° Vol. 1 (Remastered),2014-04-29,149954,0,2,spotify:track:2V2q0bxXcKCKskBb36PRAq
salsa,Razones para Cantar,La Misma Gente,Tres,1986-01-01,203128,0,1,spotify:track:4RTIV69tWZqF1msdfqQv8i
salsa,Cero Codazos,Orquesta Arag√≥n,El Organillero,2018-08-04,181080,0,7,spotify:track:70WSvQs0TESpPaxtxKn8i2
salsa,Fiesta,KLC Clave Cubana,30 Latino Forever Hits,2014-03-21,251013,0,8,spotify:track:7zwSSbJQqoH0eTluZbQ2wJ
salsa,El Cadete Constitucional,Orquesta Arag√≥n,"100 Cl√°sicas Cubanas (1900-2000), Vol. 5",2000-01-01,197173,0,4,spotify:track:46sXxJ6zBYYqnc9mUlUjFk
salsa,Oye Diosa y Fe,Celia Cruz,Sabor √önico,2014-10-29,143106,0,2,spotify:track:3sCS6K5uzzuCt4on66CjW3
salsa,Si Sabes Bailar Mi Son,Orquesta Arag√≥n,As√≠ Se Baila un Son,2015-09-08,197807,0,5,spotify:track:1DpiumIwGqC0EtERyLaPWg
salsa,Mi Conuquito,Los Master's,Vol. 13,1978-01-01,190217,0,5,spotify:track:1wihcQ1uHmAJVvHRhNChbY
salsa,Preg√≥n del Chocolate - Remasterizado,David Calzado y su Charanga Habanera,Aqu√≠ Estamos los Que Est√°n (Remasterizado),1999-02-03,362266,0,8,spotify:track:1qIoCLSmWBgqTGWsdNxcmt
salsa,"Cero Codazos, Cero Cabezazos",Orquesta Arag√≥n,Sabor Cubano Vol.1,2015-10-02,182946,0,19,spotify:track:0JNcaGMrxCuM6Fm5H9kEer
salsa,Yo Quiero Ser Tu Amante,Galy Galiano,Diez en Todo Balada,2019-09-13,201013,0,10,spotify:track:5QPrCmXQNCFhU8lPDdDedh
salsa,La ola Marina,"La Sonora Matancera, Virgilio Gonz√°lez",La vaca lechera,2019-01-14,170760,0,18,spotify:track:7zkj2utymyfg3h3DomjvYs
salsa,Luz de Tu Mirada,Juan Carlos Coronel,Superstici√≥n,2023-02-20,289253,0,1,spotify:track:0LZ7FbCfZu1SXQg2iGT1rU
salsa,Ella Quiere Que Le Den Consejo,Orquesta Arag√≥n,ÊÄßÊÑüÂèàËæ£ÁöÑÊãâ‰∏ÅÈü≥‰πê,2021-04-11,283271,0,23,spotify:track:3SJZvWC1CoclRqAUj8vVhN
salsa,Por Si Vuelves,Guaco,Del Caribe Son,2015-05-13,321280,0,4,spotify:track:2EGti7bP1brRkKtOc3492L
salsa,Tormenta en la Loma,Orquesta Arag√≥n,Segunda Generacion,1995-06-20,286733,0,2,spotify:track:76AIGSTuUGy3kGnqtvOzyK
salsa,Superstici√≥n,Juan Carlos Coronel,Superstici√≥n,2023-02-20,267937,0,4,spotify:track:28BaupoFTuBgwfk86s3xuS
salsa,Cantad a Jehova,Hern√°n De Arco,M√∫sica Cristiana,2014-03-19,184680,0,23,spotify:track:46c7IDRIWz9wsjjqyevM15
salsa,Fiesta,KLC Clave Cubana,Latino Lovers,2013-09-11,251013,0,4,spotify:track:4jMFUt1SaMKPPfGGrGRa7D
salsa,Me Qued√© Con la Gorda,Orquesta Arag√≥n,The Best Of Orquesta Aragon,2001-01-01,375440,0,10,spotify:track:0Jc5jDAZWPxir6WxAjwPaE
salsa,Agua Pa'Mi,Celia Cruz,Cuban Latin Classics,2015-05-08,187946,0,41,spotify:track:3quVnOgDTfcsMUkdS3I3IR
salsa,Los Pescadores de Varadero,Orquesta Arag√≥n,Orqu√≠dea de Plata,2010-06-01,190760,0,2,spotify:track:6ac00JTShNPh2L1oshWxow
salsa,Ni√±a Bonita,Karibe Band,Ni√±a Bonita,2023-06-16,212545,0,1,spotify:track:3EG4aNgElP1pWqid3rDOa3
salsa,El son del pariente,Orquesta Arag√≥n,"Orquesta Aragon, Vol. 2",2011-06-07,249440,0,5,spotify:track:6n7qE3Pa7Iw4jbBc6NkB47
salsa,Directo -Pista,Richard Cepeda,Unico,2006-06-10,273449,0,15,spotify:track:3LQXO3YSDEEhSdbftfIiVo
salsa,La Gozadera - Discoteca,Checo Acosta,Pal¬¥ Desorden,2003-03-01,199366,0,9,spotify:track:1N4srnecTYtD9vFAsStrAA
salsa,El Palo,"Joe Arroyo, La Verdad",La M√∫sica del Carnaval de Barranquilla: Siempre Hits,2015-01-15,196800,0,3,spotify:track:2owvDUuThQsFSCFG1vpYOe
salsa,Por Gustony,David Calzado y su Charanga Habanera,"Salsa - Fiesta de Verano, Vol. 3",2019-10-11,222186,0,38,spotify:track:5ehjZix7UG0cRB0JT0XxAm
salsa,Gaviota,Jimmy Bosch,Hot Latin Grooves,2018-03-23,280000,0,12,spotify:track:2LNji1xeG8hdCRN99wrk7H
salsa,Como Gerem√≠a,Johnny El Bravo,Llena Tu Boca de Risa,2014-03-19,211573,0,7,spotify:track:6AmTlHLoeSeMaKT11VDsBR
salsa,Somos de Calle,KLC Clave Cubana,Latin Parade,2013-05-29,250960,0,2,spotify:track:3NZ18WTsBnDSkuBtIq52RU
salsa,"El Chivo Mono, Linda Trigue√±a",Checo Acosta,El Porro Es Colombia,2020-07-17,214273,0,4,spotify:track:3OHQI1t8YH3ewpTRA0T6nh
salsa,Loco,KLC Clave Cubana,Latin Parade,2013-05-29,278544,0,6,spotify:track:5P1Ze37r20q4bdcYNSyL2T
salsa,Oriki Eshu - Intro,Saoco,La Farandula,2006-02-22,92253,0,3,spotify:track:66JVfTR9PwuEQrgcYN8Sjp
salsa,Oye Como Va (Arr. D. Downs for Percussion Ensemble) [Live],"Tito Puente, Dickerson Middle School Percussion Ensemble, Wallace Brown",2014 Midwest Clinic: Dickerson Middle School Percussion Ensemble (Live),2015-08-14,191986,0,4,spotify:track:6Y0Ayh5moWXD9acFJfAdEZ
salsa,Las Pilanderas,Juan Carlos Coronel,"Tesoros, Coronel Interpreta a Barros",2021-06-18,210906,0,5,spotify:track:5nMnVIBa4G9AddewRp8SxE
rock-n-roll,Gravy,The Monkees,Head (Deluxe Edition),1968-12-01,6666,0,7,spotify:track:0eXCqALSMefDGcKZJPhgWe
rock-n-roll,Please Hurt Me (The Crystals: Twist Uptown),The Crystals,Classic Girl Groups - Five Classic Albums Plus (Tonight's the Night / And the Angels Sing / Playboy / Twist Uptown / The Wah-Watusi) (Digitally Remastered),2022-09-02,137493,0,42,spotify:track:6Efvc1AGywOu1Xow0ZIEEp
rock-n-roll,"Los Chicos del Preu - De : ""Los Chicos del Preu - 1967",Karina,Sesi√≥n Continua (La M√∫sica del Cine Espa√±ol),2000-02-21,115373,0,16,spotify:track:5oE6Do9TyVryaQNC9pmzYm
rock-n-roll,The April Fools,Cilla Black,Momentos inesquec√≠veis,2019-05-17,165173,0,12,spotify:track:7HQND3WdqGjamMwjbg1tmk
rock-n-roll,Am√°ndote,Los Jo√£o,Por el Amor de una Mujer,2012,306840,0,6,spotify:track:1gj7L2SddPrq6jFml17LDZ
rock-n-roll,All of Me,Lloyd Price,I Only Have Eyes for You,2020,177000,0,11,spotify:track:3t79BUob0wINpHfYKe9fF2
rock-n-roll,I'd Never Find Another You,Billy Fury,"Real Rare Rock N Roll, Vol. 7",2020-08-18,154941,0,10,spotify:track:1BOos7dtZZaMkkPlXy9Q3i
rock-n-roll,Burbujas de Amor,Los Terricolas,Grandes Exitos de los Terr√≠colas,2002,269653,0,12,spotify:track:4pC6oU7f54SmvBBEJ1Fp2O
rock-n-roll,(I'm Not Your) Steppin' Stone,The Monkees,Rock Originals,2020-09-04,146533,0,18,spotify:track:3ku2ImQpDNDLWiaPruJcR5
rock-n-roll,(I'm Not Your) Steppin' Stone,The Monkees,Sound of Garage Rock,2018-06-29,146533,0,1,spotify:track:1gESRz5NrJrpduPaGWbmEP
rock-n-roll,Aunque Tengas Que Llorar,Los Terricolas,Tesoros Encontrados,2010-01-01,171454,0,8,spotify:track:5NJi5OLKck1rzFgJmGzwxZ
rock-n-roll,Question,Lloyd Price,The Exciting Lloyd Price,2020-12-18,151431,0,20,spotify:track:44O78HgBBRnCaE6HLmUojc
rock-n-roll,Hey Good Looking,The Spotnicks,Early & Late,2013-10-11,143186,0,11,spotify:track:1EclSDyMwtDUcqvqOoOEwO
rock-n-roll,Love Me,Bruce Channel,Hey Baby Won't You Be My Girl,2023-09-08,134253,0,18,spotify:track:2Ka0cJQA6loj3PG0bA0DVu
rock-n-roll,Jimmy's Girl,Johnny Tillotson,JOHNNY TILLOTSON'S GREATEST HITS,1997-09-22,164960,0,9,spotify:track:0NjmnznhsZnWjJKAxt1o4p
rock-n-roll,Cuando Crezcas,Los Strwck,Nuestros 15 √âxitos,2020-11-10,134710,0,6,spotify:track:1tWLFrHQnIRiGGkFb3BFhk
rock-n-roll,Locamente Te Amar√© (Makin' Love),Los Cinco Latinos,Los Cinco Latinos Cronolog√≠a - Conquistando el Mundo (1961),1961-08-30,159373,0,7,spotify:track:3UcOZnc3zDbwQvOcL6lgge
rock-n-roll,"December, 1963 (Oh What a Night!)",Frankie Valli & The Four Seasons,100 Greatest Pop Songs,2024-03-22,200426,0,98,spotify:track:5epSI1vc0qruk6sHXgPjJ6
rock-n-roll,Canci√≥n de juventud,Monna Bell,√âramos tan j√≥venes,2019-10-25,170106,0,10,spotify:track:3zECfmHSYR8jlObnGBebWr
rock-n-roll,You Must Be Readin' My Mind - 2024 Remastered,Helen Shapiro,"Essential Classics, Vol. 251: Helen Shapiro",2024-02-02,125288,0,10,spotify:track:36R92q885UktYOtRMtG9qo
rock-n-roll,Dreamy Eyes,Johnny Tillotson,Poetry in Motion,2022-11-21,142680,0,6,spotify:track:2hCFOAfaRtiTFrpKywZTYJ
rock-n-roll,I Fought The Law,The Crickets,Sound Of The Crickets,2020-10-09,128580,0,18,spotify:track:5s61HRvf7qc2E5zlVLxofu
rock-n-roll,Come Into My Heart,Lloyd Price,Stagger Lee,2017-10-27,126981,0,20,spotify:track:3yTFQ7epSdWEV2yY4Srfqm
rock-n-roll,Teen Queen of the Week (Palisades Park),Freddy Cannon,Four Classic Albums Plus (Sings Happy Shades of Blue / The Explosive! / Freddy Cannon Favourites / Palisades Park) (Digitally Remastered),2022-04-01,133973,0,47,spotify:track:5svfaaTPDRLnJCgauZyfSb
rock-n-roll,Detr√°s del Rock,Los Ovnis,El Rock Desconocido de los Ovnis,2021-05-14,194413,0,5,spotify:track:4WafXc3ppHvDtYHbnlUj6s
rock-n-roll,It Keeps Right On A-Hurtin',Johnny Tillotson,It Keeps Right On A-Hurtin',2000-01-01,168340,0,1,spotify:track:0O8HJ0vAglqX03td7QK41t
rock-n-roll,Diana,Paul Anka,Rock 'n' Roll Classics 27 Originals,2009-02-10,143360,0,9,spotify:track:1YeNmPZHjyRKoIx8ssfDnW
rock-n-roll,Om hela v√§rlden sj√∂ng en s√•ng,Marianne Kock,Svenskt Sjuttiotal,2024-07-18,146786,0,69,spotify:track:6d7O5lXXfn7NlMAbsMRDtw
rock-n-roll,Autumn,The Shadows,Autumn Chill in the UK 2023,2023-08-25,117200,0,29,spotify:track:4XIfRJ7kCP3Oe3e3o8GXZQ
rock-n-roll,Ain't That Love,Bobby Darin,The Right Time - Bobby Darin Sings Ray Charles,2020-11-27,177760,0,5,spotify:track:6Cj7ZVddiB02zwbxXhzDmR
rock-n-roll,Never Let Me Go,Johnny Tillotson,Talk Back Trembling Lips - His Greatest Hits,2019-07-24,119588,0,30,spotify:track:3xyObRCRFhODBDxgwpmUYS
rock-n-roll,Walking Back to Happiness (Remastered),Helen Shapiro,At Her Best (Remastered),2019-07-05,149103,0,28,spotify:track:0QhQ3nNeLAQRz9CYJ7fiLu
rock-n-roll,Wake Up Little Susie,The Everly Brothers,Oldies = Goldies,2024-05-30,123520,0,1,spotify:track:0s5CXb2yV8rc3WgMaQTknO
rock-n-roll,Hjalmar Bergstr√∂m,Owe Th√∂rnqvist,Svenska Schlagerminnen fr√•n 60-talet,2023-11-24,211640,0,11,spotify:track:120yEc2FxwfpYOXVhfFQxB
rock-n-roll,I Got You Babe,Sonny & Cher,I LOVE YOU,2024-02-04,190080,0,9,spotify:track:0lCSAnQHZseABDs1nkzOTl
rock-n-roll,Tour,Los Strwck,"Galaticos, Vol. 2",2021-07-02,192933,0,8,spotify:track:5xtyZalWMHE3nR78VYkQKl
rock-n-roll,Don't Play That Song (You Lied),Ben E. King,Standards do Soul,2018-11-30,174293,0,24,spotify:track:0cwIokxfirXmWb8AfVIez1
rock-n-roll,Ese Lugar,Los Terricolas,Ramances Del Ayer,2017-06-06,161960,0,7,spotify:track:4tZGOKOfgJy9UMYgmfutb0
rock-n-roll,Paper Doll,Brian Hyland,Bye Bye Love,2021-02-19,138600,0,1,spotify:track:06xLxYBfd5Vg0QMakfqq6H
rock-n-roll,Goody Goody (Original Mix),Helen Shapiro,I Love You,2019-01-29,156395,0,11,spotify:track:0F79dIaBs5iXqIiIKT0Osc
rock-n-roll,Sea Cruise,Frankie Ford,Let 'Em Talk,2024-06-24,162386,0,1,spotify:track:7aDkxeZrzgDLE9lmq4KhBB
rock-n-roll,You Know,Freddy Cannon,Lavender Blue,2019-12-01,147066,0,41,spotify:track:03QdiV1YjjGK0hD9If55dy
rock-n-roll,I Don't Know How to Love Him - 2003 Remaster,Cilla Black,Cilla in the 70's,2005-09-26,248733,0,7,spotify:track:7nBVPVpR9cxpxo4Aw2K9Gv
rock-n-roll,Streamlined Yodel Song,Frank Ifield,Troubled Heart,2016-03-02,128000,0,2,spotify:track:1Hf4b6vTeOO58jt8d8mcBI
rock-n-roll,El Plebeyo,Los Terricolas,Festival Musical,2018-09-13,171481,0,2,spotify:track:0KMAPNO6SzEUJJCM8401P0
rock-n-roll,Wohin geht Stifelius,Hazy Osterwald,Kriminal Tango,2015-12-18,159186,0,7,spotify:track:221Nm1nx9iPqOlrjH2rl20
rock-n-roll,All Night Long,Bobby Darin,Swooning and Crooning - Bobby Darin,2019-07-20,176080,0,35,spotify:track:2KQC3MPc4L452ZN1iBhLCH
rock-n-roll,Lovey Dovey,Buddy Knox,"Les idoles du rock 'n' roll : Buddy Knox, Vol. 1",2021-08-20,135471,0,5,spotify:track:061U6Vqzsw7nUfotjfrYOr
rock-n-roll,Tell the Lady I Said Goodbye (Remastered 2014),Johnnie Ray,Hits of Johnnie Ray,2023-03-17,160333,0,2,spotify:track:66q3fXH6tNbcaVX6NROs0V
rock-n-roll,Little School Girl,Larry Williams,Short Fat Fannie,2015-04-02,113840,0,8,spotify:track:0hoLQcoG3Ai3IHOzPwkrkT
reggae,Pupilas Lejanas,Los Pericos,Mystic Love,1998-01-01,235200,71,2,spotify:track:4k3K6Ke6KfAWb7zyQWrTEA
reggae,Casi q' me pierdo,Los Cafres,El Paso Gigante,2011-09-27,265691,68,10,spotify:track:0Nj3EM5QMCIdTbWM3wzJGR
reggae,Tu Sin Mi,Dread Mar I,Vivi En Do,2010-05-01,245055,78,17,spotify:track:1M790SJApJ97Fewi2lbeUg
reggae,Tus Ojos,Los Cafres,Suena la Alarma,1997-09-01,254865,70,7,spotify:track:6yyrsrci6u2nreFlhXSy3J
reggae,Arbol Sin Hojas,Dread Mar I,Vivi En Do,2010-05-01,199863,74,6,spotify:track:1wudqoTTW0ElrPv78d1aUk
reggae,Bastar√°,Los Cafres,Barrilete,2007-11-11,279920,63,2,spotify:track:5fRgvfgF4TM947Gi6qOlcF
reggae,Hoja en Blanco,Dread Mar I,10 A√±os (En Vivo),2016-05-06,282226,72,20,spotify:track:2FTUzxmv1019uIxTQ1n3nR
reggae,Perfecta,"Rusherking, Dread Mar I",Perfecta,2022-09-29,164000,63,1,spotify:track:4om2gLDSF7vv9DBl8p1qhn
reggae,Nada,Dread Mar I,En el Sendero,2014-09-16,255040,71,9,spotify:track:6xDIX0VFKygIJ5w5tqzMgP
reggae,MYA LIVE P3: Qu√© Pasar√°,"MYA, Dread Mar I",MYA LIVE P3: Qu√© Pasar√°,2023-07-21,213480,68,1,spotify:track:5WLhx6G2dMXSJ5ITq8419C
reggae,Salvame,Dread Mar I,Amor-es,2008-05-01,323707,70,13,spotify:track:1zPH5KoHU8mDq95UAwFrtF
reggae,As√≠ Fue - En Vivo,Dread Mar I,10 A√±os (En Vivo),2016-05-06,476200,70,12,spotify:track:3wERIc2fV1sTDtP2LbewwV
reggae,Could You Be Loved,Bob Marley & The Wailers,Uprising,1980-06-10,237000,85,8,spotify:track:5O4erNlJ74PIF6kGol1ZrC
reggae,Runaway,Los Pericos,Pampas Reggae,1994-01-01,205333,66,7,spotify:track:2lqFwTECuP5VNUvzzotxWo
reggae,Si El Amor Se Cae,Los Cafres,¬øQui√©n da M√°s ?,2004-09-03,271000,60,1,spotify:track:0fzgd6DgpsSYg5igdOUGJR
reggae,Shake It To The Max (FLY) - Remix,"MOLIY, Silent Addy, Skillibeng, Shenseea",Shake It To The Max (FLY) (Remix),2025-02-21,178775,92,1,spotify:track:0QCIpQV3twfqo9kh0t8Zza
reggae,Decide T√∫,Dread Mar I,Caminar√°s Caminos,2018-05-24,248466,65,12,spotify:track:1OuRWuKhsxNdV2FCIkyCnV
reggae,Siguiendo la Luna - Remasterizado 2008,Los Fabulosos Cadillacs,El Le√≥n,1992-06-18,291973,70,4,spotify:track:1orgfjGJoycODSItcGVatE
reggae,Mas Alla De Tus Ojos,Dread Mar I,Vivi En Do,2010-05-01,257881,66,7,spotify:track:42zjvpucImdkf6TVZZmqy6
reggae,Soy d√©bil Sr.,"Gauchito Club, El Kuelgue",Vulnerable,2024-06-14,225600,56,2,spotify:track:7C0xX5xBv03PR8Mnl81n80
reggae,Is This Love,Bob Marley & The Wailers,Kaya,1978,232200,80,3,spotify:track:6JRLFiX9NJSoRRKxowlBYr
reggae,Laberintos,Dread Mar I,En el Sendero,2014-09-16,255506,63,5,spotify:track:2Ym85UZFoJaw73xHwyRnnK
reggae,Mi Amor,Dread Mar I,Amor-es,2008-05-01,182200,66,11,spotify:track:5MUy9g1yOErICSjY5Wro5x
reggae,Momento,Los Cafres,Barrilete,2007-11-11,349520,60,3,spotify:track:1eQU5ex4RcVjz55hWPeJzc
reggae,Reggae Para Los Amigos,Intoxicados,No Es Solo Rock And Roll,2003-01-01,296666,54,5,spotify:track:3rLMwqrvbr38wcud6FxB8i
reggae,Three Little Birds,Bob Marley & The Wailers,Exodus,1977-06-03,180266,81,9,spotify:track:7yFvSYKk3g5g8e7Ffl16ws
reggae,La Flor,Nonpalidece,Nonpalidesenchufado,2010-11-09,314772,56,12,spotify:track:2x9kIjm8AejYJCunY9yKOA
reggae,Jamming,Bob Marley & The Wailers,Exodus,1977-06-03,211000,79,6,spotify:track:3GIChxHmuLmBm5PTNZGDtj
reggae,Waitin',Los Pericos,Big Yuyo,1992-01-01,168133,62,11,spotify:track:6EjUn5quLcTVFBUGLGwGwA
reggae,Runaway,"Los Pericos, The Original Wailers",Pericos & Friends,2010-09-28,233267,61,4,spotify:track:0ZLakHzHWqUIlkeDa4i8aC
reggae,"Baby, I Love Your Way",Big Mountain,Unity,1994-07-19,249520,78,7,spotify:track:2le9fblYnfoLr9dkZIsJUa
reggae,Gyal You a Party Animal - Remix,"Charly Black, Daddy Yankee",Gyal You a Party Animal (Remix),2016-10-12,223366,71,1,spotify:track:3rK30dzS17JWgft6PIvEjt
reggae,Sin Cadenas,"Los Pericos, Gondwana, No Te Va Gustar, Tito Fuentes",Pericos & Friends,2010-09-28,249916,57,11,spotify:track:42PvpvCg7eaXJy89at6u8s
reggae,Dan√ßalao,"Jombriel, J√∏tta",Dan√ßalao,2024-10-20,154845,64,1,spotify:track:7EeZMKsgrkPOiyeJWZgagI
reggae,Ba Ba Bad Remix,"Kybba, Sean Paul, Ryan Castro, Busy Signal",Ba Ba Bad Remix,2025-06-27,146938,81,1,spotify:track:2RnCVOUcOaPeTlFRW3NHQJ
reggae,Sigo Caminando,Los Cafres,Alas Canciones,2016-09-09,302280,58,13,spotify:track:1Po5Jxjh5gHCFiKIt6AQZR
reggae,Verte,"Nicki Nicole, Dread Mar I, Bizarrap",Verte,2020-12-10,157418,58,1,spotify:track:2mMZAd3ol9wGI2WJl4XJCF
reggae,En el Aire,Nonpalidece,Activistas,2005-06-16,257974,55,15,spotify:track:6tT7NZT9kUGcntWb7yFX0C
reggae,Tu Presencia,Nonpalidece,Hagan Correr la Voz,2006-04-13,221040,55,2,spotify:track:58KaBE2fnHA8R0iesCbe8o
reggae,Sweat (A La La La La Long),Inner Circle,Sweat (A La La La La Long),1992-06-02,229000,76,1,spotify:track:1nXTM2CVdaoCySSD5kgt3J
reggae,One Love / People Get Ready,Bob Marley & The Wailers,Exodus,1977-06-03,172933,76,10,spotify:track:7oNgPClUYdscWWHa5PF1gT
reggae,Aire,Los Cafres,Espejitos,2000-09-02,257999,59,5,spotify:track:2hkJ7fYPM5V27pjxiPG2gg
reggae,Kingston Town,UB40,Labour Of Love II,1989-01-01,231733,73,7,spotify:track:1YnVYHXoak0syv4xBRHQRb
reggae,Temperature,Sean Paul,The Trinity,2005-09-27,216320,86,11,spotify:track:0k2GOhqsrxDTAbFFSdNJjT
reggae,Bongo Bong,Manu Chao,Clandestino,1998-10-06,158426,74,3,spotify:track:00SmB7n85SKROGjybsyq5i
reggae,Natural Mystic,Bob Marley & The Wailers,Exodus,1977-06-03,207733,76,1,spotify:track:5uqQyRJV8qLt8zEqnvsBVK
reggae,Mal Bicho - Remasterizado 2008,Los Fabulosos Cadillacs,Rey Az√∫car,1995-06-18,243720,67,1,spotify:track:5nofWp3plvxYX1xgHpe4fi
reggae,Love Song,Nonpalidece,Hagan Correr la Voz,2006-04-13,238986,55,6,spotify:track:7dGY3JOczM9JLA4zUpSPMN
reggae,Ilegal,Cultura Prof√©tica,La Dulzura,2010-08-22,306005,68,7,spotify:track:4G957N5nUzj1RBIvbWxbyy
reggae,Waiting In Vain,Bob Marley & The Wailers,Exodus,1977-06-03,256239,74,7,spotify:track:09Nck1nvRcg1Y14SNfWwtJ
reggaeton,"Atrevete (feat. Julio El Escogido, Tony Good, El Guille & Siervo Rap)","Jay K√†el, Julio El Escogido, Tony Good, El Guille, Siervo Rap",Si No Juega No Gana,2021-05-28,223620,0,6,spotify:track:0g4AkV7TLlw3Ss5OTBuOef
reggaeton,The Juice Remix,"Wambo, Yak",Best Of Wambo,2011-06-29,300016,0,16,spotify:track:7ASqD1D9DtappxaXl4rVyB
reggaeton,Madre Tu Amor Vale Oro - Remix,"Jay K√†el, Luis Zepeda",MixTape,2020-04-30,342334,0,9,spotify:track:5RPt0d34VxXjN6JBNQO557
reggaeton,OTRA VEZ,"Refugee, ZETKA",OTRA VEZ,2023-04-07,186000,0,1,spotify:track:3iVbZuIRjrXYDrBzUNMZdo
reggaeton,Vencedores,Habacuc Threeseven,Vuelve a Empezar,2014-01-01,239255,0,8,spotify:track:7ABUzcl2yb0LtcNeW4bNLM
reggaeton,online,Refugee,El Refugio,2022-02-18,175177,0,8,spotify:track:1aQRe7dyTcMaLLA32lqkxd
reggaeton,Boricua Aunque Nazca en la Luna,Peniel el Victorioso,Boricua Aunque Nazca en la Luna,2020-01-13,228154,0,1,spotify:track:6TPSjvjpJjyTKJIbBIXqXu
reggaeton,EVITATE UN LIO,"Algenis, KENNY THE RIPPER",BEST OF THE BEST,2023-04-14,204683,0,6,spotify:track:5gW6eHDTo6Lw6sTbwsysg5
reggaeton,De Laatste Nacht,Tempo,Vlaamse Troeven volume 385,2022-12-08,215933,0,14,spotify:track:7jdnnh3G0HTw681GXEUX8p
reggaeton,This Time,Marielle,Marielle,2003,232280,0,6,spotify:track:18IwmzSwmudzSL9PIHVgak
reggaeton,Una Oportunidad,"Chriss Romel, Loyda Lemus",Adiccion Santa,2014-09-08,255233,0,9,spotify:track:0TvP0KQsOW12uvfxK9uLuL
reggaeton,Es hora de demostrar,Chriss Romel,Mi Salvador,2000,198333,0,6,spotify:track:6UCKuZOPpcBIOcV25yO8DA
reggaeton,Blanco y Negro,Redes M√∫sica,"Bad Habits, Vol. 1",2019-08-28,165668,0,2,spotify:track:2JpWNli9ezZFa2T8AE4pKd
reggaeton,Intro,Habacuc Threeseven,Hay Esperanza,2008-01-01,117368,0,1,spotify:track:4iAJMMikHZcx7SdC0GXaPg
reggaeton,Frei Sein,Falo,Soundklex,2012-02-26,259764,0,3,spotify:track:3KcB7TGGSuiI1l8hTNHnoA
reggaeton,Geen Waarheid maar een Droom,Tempo,Vlaamse Troeven volume 410,2023-04-09,217666,0,2,spotify:track:2kOhKpRDMc9gGRkeR8zGnW
reggaeton,Tuku Taka,"Don Latino, Marco Da Silva",Quiero Fiesta (Club Hits 2018),2018-04-27,179911,0,44,spotify:track:0Rku2dnh72DH5f8qnE779R
reggaeton,Interludio,Habacuc Threeseven,Vuelve a Empezar,2014-01-01,179957,0,7,spotify:track:34Oq0hL9p7nGHdnpxTGzCU
reggaeton,diamante,"Refugee, Maneyx",El Refugio,2022-02-18,220995,0,11,spotify:track:7zF83qWYZnjfPAHO0bbkNm
reggaeton,Pa' Lo M√≠o,Casero,"√âpico, Vol. 1",2023-01-06,245888,0,12,spotify:track:2DwEvEXHIVNrSNZJTq5Vg6
reggaeton,Cobarde - Klonado Version,Juan Miguel,"Klonado, Vol. 1",2020-11-06,195477,0,2,spotify:track:0odyeaHai2ZhUtpN1kZA7Q
reggaeton,El Esequibo (Merengue),Omar Acedo,Canto para El Esequibo,2023-11-25,29100,0,6,spotify:track:5pSnpy5kMVFkZcEpz9fCu4
reggaeton,Alabanza,"Dreko El Prodigio, Dixon Carreras",Alabanza,2020-11-27,264730,0,1,spotify:track:5IYrrjf6myDHbe2HU8Vv6N
reggaeton,Chembazhanthi,Soly,Gurutheertham,2000-04-17,332573,0,5,spotify:track:7pP1zE08513nu2ycRpjUbD
reggaeton,Nochmal,Falo,Soundklex,2012-02-26,194617,0,5,spotify:track:3lPwEqJz0RlNglOvxR5o1G
reggaeton,La Banana,"Sonny & Vaech, Vaech",Solo Hits,2016-07-08,255139,0,9,spotify:track:2tMOsCpw0ZnhhpUCFzdlrY
reggaeton,Asiento De Atr√°s,Vibarco,Asiento De Atr√°s,2023-06-30,192088,0,1,spotify:track:2jjq4D9CAOwwXfrlK96EOg
reggaeton,Fiesta Espiritual,"Chriss Romel, Edwin Mambotero",Adiccion Santa,2014-09-08,142466,0,10,spotify:track:37QVvKtA1P6LVK6ZxYEm08
reggaeton,Taab√©,Falo,Bras de fer,2023-02-18,223268,0,6,spotify:track:54Hremul8qd3QhEdVATC0J
reggaeton,Rakatan Plan (Chill Vides) [feat. Cookie Monster],"Jay K√†el, Cookie Monster",Rakatan Plan (Chill Vides) [feat. Cookie Monster],2020-11-21,257096,0,1,spotify:track:08pWndhNgcPaWrJMpkIarF
reggaeton,Fui a Buscarte,"F.Silver, Flacoman",Fui a Buscarte,2022-01-08,211461,0,1,spotify:track:1HGDjGZPWFHPdKBOWoTDjl
reggaeton,Royalty,Naldo,Royalty,2024-07-03,181347,0,1,spotify:track:34zmbdGUiFwOUEV0sJsXJ6
reggaeton,Just Let It Go,Marielle,Land of Thoughts,2006-03-13,227213,0,2,spotify:track:0uEy4CTy2VpyqW1ZnCzf8W
reggaeton,Resp√©talos,Raykel,Haciendo Historia,2012-09-15,187720,0,3,spotify:track:5PYKPTttCajRJXwE2fT6GJ
reggaeton,Devu√©lveme El Coraz√≥n,Sebastian Yatra,Jubilosa Sonora Vol. 1,2023-04-19,244160,0,20,spotify:track:0wSM5Tw2guyYgD2lConoVt
reggaeton,La Pelicula - Klonado Version,Juan Miguel,"Klonado, Vol. 1",2020-11-06,227776,0,1,spotify:track:5bECyiBcIMZeojnozS5o3j
reggaeton,Luz y Sal,"Peniel el Victorioso, Niko Eme",Kairos,2024-06-18,236798,0,3,spotify:track:7qf1KvYQQFVR1wPXDMFxPS
reggaeton,La Presion,"Migue Flow, An√ºbix",El Rankin,2023-04-28,158783,0,3,spotify:track:4pTclOq8EzzzqZwp8FtbZI
reggaeton,Due√±o De Mi Sue√±o,Jay K√†el,Due√±o De Mi Sue√±o,2018-11-02,112248,0,14,spotify:track:4WVvgENyHUUp4jjNX137wg
reggaeton,Ula Dance,"Don Latino, Tudbem",Quiero Fiesta (Club Hits 2018),2018-04-27,189175,0,36,spotify:track:2jaB0Ls3gS5WAtaRtcb7J8
reggaeton,Que triste,"Piso 21, Car√≠n Le√≥n",odio san valent√≠n,2024-02-07,226339,0,52,spotify:track:3CrZXMRrecsVYjQZABl60v
reggaeton,Boumba y√©,Falo,Bras de fer,2023-02-18,271304,0,9,spotify:track:6XnqFITVwZ7Uz2ucl60kfA
reggaeton,Libre,"Raykel, Vladimir Santos",Haciendo Historia,2012-09-15,214400,0,10,spotify:track:6SQAGnBKB5nw9t3h0gVhv8
reggaeton,Que triste,"Piso 21, Car√≠n Le√≥n",Verano Tumbado,2023-07-21,226339,0,20,spotify:track:56xAMOuwuxxHLkmHgk0z6i
reggaeton,Reina‚ôõ,Jay K√†el,Reina‚ôõ,2019-01-31,190406,0,1,spotify:track:43ohipTULxO9bIj5EBpOtQ
reggaeton,Hay Esperanza,Habacuc Threeseven,Hay Esperanza,2008-01-01,227213,0,2,spotify:track:2WzUcD8uXVZ0SiStnwEdXX
reggaeton,Nunca Pense,Nahliel,Nunca Pense,2019-02-14,189024,0,1,spotify:track:5SWlVATqnZ9m8qRcuFDxDT
reggaeton,This Aint Living,Wambo,Greenhouse Effect,2007,330396,0,18,spotify:track:6WtjcVqrD0RQkiCMI4lp9z
reggaeton,¬øQui√©n?,Habacuc Threeseven,Serenata de Amor,2018-10-05,234000,0,4,spotify:track:4me61O2kwaPsKnBTbuw0EK
reggaeton,Voy Pa Encima,Peniel el Victorioso,Voy Pa Encima,2019-05-24,210077,0,1,spotify:track:2fNqpVHq4br44Ryrtl9XKR
pop,MOTINHA 2.0 (Mete Marcha) - Remix,"DENNIS, Lu√≠sa Sonza, Emilia",MOTINHA 2.0 (Mete Marcha) - Remix,2025-04-24,118081,81,1,spotify:track:2iDDnYmaz1HhedjI91fbmp
pop,Universidad,"TINI, Be√©le",Universidad,2025-06-19,156377,82,1,spotify:track:2XbsqBrOdYjm0OLBEepID7
pop,Entra En Mi vida / La De La Mala Suerte - En Vivo,DesaKTa2,Entra En Mi Vida / La De La Mala Suerte (En Vivo),2025-06-26,195258,71,1,spotify:track:0mYdCMOJH2nvHXx9VLzVBl
pop,MEJOR QUE VOS,"Lali, Miranda!",NO VAYAS A ATENDER CUANDO EL DEMONIO LLAMA,2025-04-30,166794,71,7,spotify:track:36x1AGih4bK9cnPjbbChgG
pop,pasarella üë†,"Emilia, Six Sex",pasarella üë†,2025-07-03,162245,74,1,spotify:track:67vjKw6LVD5wewFuoC1215
pop,+ Te Vale,"Yami Safdie, Emilia",+ Te Vale,2025-06-19,144731,72,1,spotify:track:0XWqcDAa5ZCmyBOYukrRoQ
pop,FUE CULPA TUYA,"Luck Ra, Tiago PZK",QUE SED,2025-04-10,130196,70,1,spotify:track:71N3UjxfXEWljGkjBDcnNY
pop,No Podr√°s - En Vivo,"Eugenia Quevedo, Angela Leiva, La banda de Carlitos",De C√≥rdoba Pal Mundo,2024-12-27,272733,67,5,spotify:track:3X8jKI7kHrbhqgLboG14tw
pop,Cuidado Que Te Supero,"Q' Lokura, Los Herrera",Cuidado Que Te Supero,2024-01-20,168980,67,1,spotify:track:2Xetks48zQL2K7xUbJBHRn
pop,En Otra Vida - Versi√≥n Cuarteto,"Yami Safdie, Luck Ra, Q' Lokura",En Otra Vida - Versi√≥n Cuarteto,2024-12-12,148200,68,1,spotify:track:1K11lq4qn0DdPfljQcHkNE
pop,QUE ME FALTE TODO,"Luck Ra, Abel Pintos",QUE NOS FALTE TODO,2024-02-02,165918,70,1,spotify:track:1TyBUtMxdmRfXhW3MmbxtQ
pop,Perfecta,Miranda!,El Templo del Pop,2008-04-01,225413,77,1,spotify:track:09QfIIP4NUx4A3thmovb2o
pop,HOLA PERDIDA,"Luck Ra, KHEA",QUE NOS FALTE TODO,2024-02-02,166536,71,3,spotify:track:7JKptWv4YXmievid0HajID
pop,Como Lo Hizo? - En Vivo,"Eugenia Quevedo, La banda de Carlitos",La Muela - LBC,2023-12-29,231680,67,1,spotify:track:3KAdpFK7rveKAAwpgjwhNn
pop,Carita Triste,"Q' Lokura, Los Herrera",Carita Triste,2025-03-18,156146,67,1,spotify:track:4AXgx8dQgAxPnMGzydsitJ
pop,Me Gusta,"Miranda!, TINI",Me Gusta,2025-05-07,157979,69,1,spotify:track:0QdP6TMTjB0P6rYWpOE1Og
pop,Yo Era,"Pinky SD, Un Poco de Ruido, Q' Lokura",Q' LOKURA / Zapada EN VIVO en UN POCO DE RUIDO!,2024-10-09,132804,66,1,spotify:track:3n6EihEumKlLky7mfeOj71
pop,Mil Preguntas,"Q' Lokura, Luck Ra",Mil Preguntas,2024-04-11,166973,67,1,spotify:track:42mrOMjkQb7jRKatu0bqg4
pop,BIRDS OF A FEATHER,Billie Eilish,HIT ME HARD AND SOFT,2024-05-17,210373,97,4,spotify:track:6dOtVTDdiauQNBQEDOtlAB
pop,Don,Miranda!,El Templo del Pop,2008-04-01,183973,76,4,spotify:track:0WajUW5XINeraP2w0F3F8E
pop,Fr√°gil,"Pinky SD, Un Poco de Ruido, Q' Lokura",Q' LOKURA / Zapada EN VIVO en UN POCO DE RUIDO!,2024-10-09,106320,66,2,spotify:track:20gpiaTYpTe32d40mkT9az
pop,en la cara - En Vivo,"Olivia Wald, Q' Lokura",en la cara (En Vivo),2024-09-10,177508,65,1,spotify:track:3TQozt8h0YlDD6tFItl5x3
pop,COQUETA,"Fuerza Regida, Grupo Frontera",MALA M√çA,2024-12-19,241648,88,4,spotify:track:1PREzVLuDT6PSE9sej4wnV
pop,Tu Foto - En Vivo,"Q' Lokura, Valentino Merlo",Tu Foto,2024-05-16,180385,66,1,spotify:track:3cWo162YkfLIFyB3DWbVoH
pop,Prisionero,Miranda!,El Templo del Pop,2008-04-01,207613,69,8,spotify:track:4qXdhvf2VrfYZqAaPTnn3m
pop,Con Otra - En Vivo,"Eugenia Quevedo, La banda de Carlitos",Con Otra (En Vivo),2025-04-08,236000,65,1,spotify:track:7L1xVDPk3nLxQIGOOryW7p
pop,Estaba Aqui Pensando,"DesaKTa2, Aneley",Estaba Aqui Pensando,2025-02-20,179200,65,1,spotify:track:5GUgnXDDO4raKkT9lO5F1x
pop,Don‚Äôt Say You Love Me,Jin,Echo,2025-05-16,180716,90,1,spotify:track:27xkOIER6uDLKALIelHylZ
pop,Golden,"HUNTR/X, EJAE, AUDREY NUNA, REI AMI, KPop Demon Hunters Cast",KPop Demon Hunters (Soundtrack from the Netflix Film),2025-06-20,194607,100,4,spotify:track:1CPZ5BxNNd0n0nF4Orb9JS
pop,Yellow,Coldplay,Parachutes,2000-07-10,266773,93,5,spotify:track:3AJwUDP919kvQ9QcozQPxg
pop,Amor de alquiler,"Un Poco de Ruido, Pinky SD, Ulises Bueno",ULISES BUENO / Zapada EN VIVO en UN POCO DE RUIDO !,2025-07-25,107418,40,9,spotify:track:5YYNol1KGDsL0uHn8eg04j
pop,Me levant√©,"Un Poco de Ruido, Ulises Bueno, Pinky SD",ULISES BUENO / Zapada EN VIVO en UN POCO DE RUIDO !,2025-07-25,202096,40,10,spotify:track:3arEJLRXbGBDmOeJ63Bgjq
pop,Gabriela,"Un Poco de Ruido, Pinky SD, Ulises Bueno",ULISES BUENO / Zapada EN VIVO en UN POCO DE RUIDO !,2025-07-25,145929,40,4,spotify:track:6BLs6wtlnznwlOvBvJJUl3
pop,Intento,"Un Poco de Ruido, Ulises Bueno, Pinky SD",ULISES BUENO / Zapada EN VIVO en UN POCO DE RUIDO !,2025-07-25,103521,37,19,spotify:track:1xvmpbf2KwNt3Li0DjE5tY
pop,Soy,"Un Poco de Ruido, Pinky SD, Ulises Bueno",ULISES BUENO / Zapada EN VIVO en UN POCO DE RUIDO !,2025-07-25,160309,42,1,spotify:track:6Yz58fp2urfRfNzmUlZ5iA
pop,Que ser√°,"Pinky SD, Ulises Bueno, Un Poco de Ruido",ULISES BUENO / Zapada EN VIVO en UN POCO DE RUIDO !,2025-07-25,146804,41,2,spotify:track:18tFfnD27YmUXFmbCWQa5Q
pop,Amada m√≠a,"Un Poco de Ruido, Pinky SD, Ulises Bueno",ULISES BUENO / Zapada EN VIVO en UN POCO DE RUIDO !,2025-07-25,136674,41,5,spotify:track:7BaTzlmVxYAUSHNGDDQZN8
pop,Infiel,"Un Poco de Ruido, Pinky SD, Ulises Bueno",ULISES BUENO / Zapada EN VIVO en UN POCO DE RUIDO !,2025-07-25,123532,40,3,spotify:track:5QHpiR1tXMmazX6A5eKjzP
pop,Amor de septimo grado,"Un Poco de Ruido, Ulises Bueno, Pinky SD",ULISES BUENO / Zapada EN VIVO en UN POCO DE RUIDO !,2025-07-25,79331,40,8,spotify:track:7pbZSRrGwmEh3k1wMrittM
pop,La gata y el rat√≥n,"Un Poco de Ruido, Pinky SD, Ulises Bueno",ULISES BUENO / Zapada EN VIVO en UN POCO DE RUIDO !,2025-07-25,76651,40,7,spotify:track:2f61oYEf4kHKuSOjbfspcD
pop,Las alas de mi amante,"Un Poco de Ruido, Pinky SD, Ulises Bueno",ULISES BUENO / Zapada EN VIVO en UN POCO DE RUIDO !,2025-07-25,77295,40,6,spotify:track:5Tp93VMoGmDanut0jSh4fA
pop,Si yo fuese tu,"Un Poco de Ruido, Pinky SD, Ulises Bueno",ULISES BUENO / Zapada EN VIVO en UN POCO DE RUIDO !,2025-07-25,107718,40,13,spotify:track:2eom23lKP9bOMWb4LxL21v
pop,Dime Porque,"Ulises Bueno, Pinky SD, Un Poco de Ruido",ULISES BUENO / Zapada EN VIVO en UN POCO DE RUIDO !,2025-07-25,120376,39,11,spotify:track:38KnKEqom9aIzQP5oMt4bN
pop,Se que tienes que elegir,"Ulises Bueno, Un Poco de Ruido, Pinky SD",ULISES BUENO / Zapada EN VIVO en UN POCO DE RUIDO !,2025-07-25,101912,38,12,spotify:track:3e2WML89v2fnEKmGK7r3hk
pop,Ramito de violetas,"Un Poco de Ruido, Ulises Bueno, Pinky SD",ULISES BUENO / Zapada EN VIVO en UN POCO DE RUIDO !,2025-07-25,116578,38,16,spotify:track:5MD6MygXhphb0d4kBfY7Kp
pop,Te extra√±o tanto,"Un Poco de Ruido, Ulises Bueno, Pinky SD",ULISES BUENO / Zapada EN VIVO en UN POCO DE RUIDO !,2025-07-25,110012,37,14,spotify:track:5YOQepzpQmvrOnGr7m4Hes
pop,No puedo fingirlo,"Ulises Bueno, Un Poco de Ruido, Pinky SD",ULISES BUENO / Zapada EN VIVO en UN POCO DE RUIDO !,2025-07-25,81632,38,18,spotify:track:1XRwyeZwuBLJJzXngbLw3p
pop,Ahora M√≠rame,"Un Poco de Ruido, Pinky SD, Ulises Bueno",ULISES BUENO / Zapada EN VIVO en UN POCO DE RUIDO !,2025-07-25,208992,37,20,spotify:track:6eBAPIu3dLoSgH2SpiBS2D
pop,Fuerte no soy,"Ulises Bueno, Un Poco de Ruido, Pinky SD",ULISES BUENO / Zapada EN VIVO en UN POCO DE RUIDO !,2025-07-25,108190,37,17,spotify:track:3sx3QLTXweikU3HAnCfpr7
pop,La novia blanca,"Un Poco de Ruido, Pinky SD, Ulises Bueno",ULISES BUENO / Zapada EN VIVO en UN POCO DE RUIDO !,2025-07-25,83653,37,15,spotify:track:59DH6eE9m11DqNAhDTd7ne
black-metal,Bewitched,False Reality,End of Eternity,2016-10-26,368844,0,1,spotify:track:64nTBLG5RXty5HpSkbj5zZ
black-metal,Closure of Empyrean Delirium,Dark Archive,Cultivate Our Blood in Aeon,2018-01-31,142818,0,2,spotify:track:3pvOkI31qRwAP8MyG1456n
black-metal,Ritual V: Descending,Bring Forth the Exodus,Rituals from a Dying Forest,2021-12-01,245231,0,5,spotify:track:5DtkVs5U3VPb8ZLYgg17cT
black-metal,Stygian Rites of the Order,Erythrite Throne,Immortal Hunger In the Impaler's Woods,2022-12-07,135230,0,9,spotify:track:3l4h4onPa8LtDOmMDalYgy
black-metal,Evig M√∏rke III,Tom Gekas,Stillborn,2022-01-14,363616,0,3,spotify:track:0V3P7BAy5asK2A0e0B5U9U
black-metal,–ó–∞–ª–∏—à–∞–π—Å—è –£–∫—Ä–∞—ó–Ω—Ü–µ–º,–ß–∏—Å—Ç–∞ –ö—Ä–∏–Ω–∏—Ü—è,–ö—Ä–∏–Ω–∏—Ü—ñ–∞–¥–∞,2022-08-31,262000,0,8,spotify:track:5v09ALzBwbMQXqDSjwvKN3
black-metal,Feel,Joy,No Light Below,2019-08-16,87479,0,6,spotify:track:2YpM6Wo32hQLLkuTNFttK6
black-metal,Chaotic Thougth,Aysenlur,Away from Our Lines,2017-12-08,219000,0,2,spotify:track:5K3LSGEZ0Rie1EHoIMoh2e
black-metal,Return Point (Anniversary Edition),Hermit's Maze,Return Point (Anniversary Edition),2018-08-28,142534,0,1,spotify:track:6PrJVgWvDqcwklLI1463sq
black-metal,Tacet,Hexis,Aeternum,2022-08-26,87632,0,5,spotify:track:7KTJJmbiMz84SToFPqO6jo
black-metal,Servo Das T√™nias,Sangue de Bode,Seja Bem Vindo De Volta Pra Cruz,2021-11-02,147500,0,10,spotify:track:0vKlleNjOR9CtHQoeImYpy
black-metal,Natas Ro Dog On Si Ereht (Of Plagues And Blasphemy),Devilish Impressions,Diabolicanos - Act III: Armageddon,2008-01-15,355253,0,7,spotify:track:2meohYRApE60FsKGOJjRWu
black-metal,Vulnera,Hexis,Aeternum,2022-08-26,379411,0,8,spotify:track:08sLwG6UN9PCtEmexlIuud
black-metal,El Reino De Baco,Arrealhue,Post Lux Tenebras,2022-04-03,247000,0,9,spotify:track:4bP1G83VEz43piB4Li7uaT
black-metal,In Screams and Flames,The Great Old Ones,EOD: A Tale of Dark Legacy,2017-01-27,470506,0,6,spotify:track:0KJT1e9aPJxjv1KZLlCVwa
black-metal,Hurting My Soul,Joy,No Light Below,2019-08-16,100003,0,1,spotify:track:6VYJhQUrJ9E5y6UP3ecUzP
black-metal,Diabolicanos,Devilish Impressions,Diabolicanos - Act III: Armageddon,2008-01-15,325253,0,6,spotify:track:3W6hqJktPBGFLXzBihKl7z
black-metal,The Shadow over Innsmouth,The Great Old Ones,EOD: A Tale of Dark Legacy,2017-01-27,564893,0,2,spotify:track:0tJwfkBIJ30nF21xvCXYAN
black-metal,Watcher of Fading Stars (Postlude),Withering Worlds,The Long Goodbye,2021-10-27,298000,0,7,spotify:track:1Qm3ltZjrWFujIu0d3sNNI
black-metal,Mirror Force,Zigur,If Darkness Takes Us,2024-06-10,498387,0,2,spotify:track:3yqmhJBPBOFQ0pYlC7Otc0
black-metal,Guidance of Sin,Potentiam,Orka I Myrkri,2015-03-16,394880,0,5,spotify:track:5WUrSdTyo9W721fxmsfZ6S
black-metal,The Ascension,Nocturnal Pestilence,"I, Eternity",2015-12-19,376341,0,2,spotify:track:36L5VWxWniPOLa2BW3mUZS
black-metal,F.C,Crimson Throne,Instinct,2022-02-18,551000,0,3,spotify:track:4mTOOn1DHqmwmn952reayr
black-metal,Parallel Ruminations,Clouds Collide,They Don't Sleep Anymore,2019-07-26,665234,0,4,spotify:track:1ykd5QeYi5Yo0RyMVAQA6X
black-metal,Eternal Night,As Darkness Fell,Below the Fog,2015-11-01,261240,0,4,spotify:track:1tCBjdfN6C2cSEqpiTTIAd
black-metal,Songsword,Sorg Uten T√•rer,Autumn Wind,2011-06-11,79986,0,9,spotify:track:6gkgCkPAlsBfcDFPr4dCeb
black-metal,When the Waters Fall,Ninnagesh,Absoluta,2010-12-10,173360,0,6,spotify:track:17xAD5bmc8Qu7n4iGN4oVh
black-metal,Hollows Mass,Calderum,The Solace Path,2020-02-12,340333,0,2,spotify:track:5v8F5g3nHO8imZjtfZuwHx
black-metal,Swansong - Instrumental,Illyria,The Carpathian Summit (Instrumental Edition),2019-10-18,389680,0,7,spotify:track:0qFdzduOXUpNO31sw8eghU
black-metal,Wish For Warmth,Inner Suffering,Summer Ends,2020-10-10,219912,0,2,spotify:track:59P7DrttE9PTHbaWV3O7qf
black-metal,Deal/live,Mount Depression,Live and Beyond...,2023-09-12,130100,0,11,spotify:track:5v6daV1C2NkYJsGSCUVTx0
black-metal,Shadows,Crowhurst,Balance,2015-10-06,284244,0,7,spotify:track:5nH3iYikadTbLx01lJtETa
black-metal,"Die Nacht wird alt, der Tag erwacht",Morphinist,Giants,2016-07-26,1146384,0,4,spotify:track:3TZFJ3xbe5IUREyM59KpIa
black-metal,Hate Declaration,Swarm of Hatred,Shrine of Negativity,2018-10-17,236693,0,8,spotify:track:03DmJJjkhFM6iHogfFnvDV
black-metal,Despised,Joy,No Light Below,2019-08-16,159453,0,5,spotify:track:6NfMFWWNAOiFeW7yytPRcb
black-metal,Purified by Pain,Six Million Dead,Revelation At The End of Aeon,2009-11-04,120607,0,5,spotify:track:0kKE7wbtr9mvWZ3O3M2TkM
black-metal,The Word Was Made Flesh Turned Into Chaos Again,Devilish Impressions,Diabolicanos - Act III: Armageddon,2008-01-15,318333,0,3,spotify:track:3fgeKcg1n8xV8UIInlcgma
black-metal,Existential Death I,–í–∏—Å–µ–ª—å–Ω–∏–∫,Existential Death,2014-07-17,108068,0,1,spotify:track:2yepm4oouCKiibAlYQFdT3
black-metal,The Cold Days of Tomorrow,Sick Violence,March of Victory,2013-02-13,142720,0,3,spotify:track:3gj8u3oBpmarqBmM6lVYc5
black-metal,Fragment 1 Reflection,Animi Vultus,Fragments,2010,553038,0,2,spotify:track:5ucjsBEd9vsrl9TfhZ6Asp
black-metal,Along the Edge,Joy,No Light Below,2019-08-16,240066,0,9,spotify:track:72YUed2C130jimgSq8PfbF
black-metal,Drama Begins,Lord Agheros,As a Sin,2008-09-29,107093,0,1,spotify:track:0euvgQFpo9P2VSZHsYq0wM
black-metal,Mankind Arise,Lord Agheros,Nothing at All,2016-09-02,92000,0,3,spotify:track:1rIMsW1h0iN2IYXm8BsaBr
black-metal,Blood for Blood,Nunslaughter,Radio Damnation,2001-04-01,131786,0,14,spotify:track:1mvkx1OegAUgZ6KSEeBg5W
black-metal,Cave of Kelpius (Women of the Wild),Twilight Fauna,Shadows of Ancestors,2015-07-14,562757,0,5,spotify:track:6Y0iYBSSaRS1ToHIQNZsGX
black-metal,Ash to Ash and Dusk to Dark,Lord Agheros,As a Sin,2008-09-29,502400,0,6,spotify:track:0QTEzZYcwSLJQo3cuQ3Ex0
black-metal,Arcane Snow Ritual,Erythrite Throne,Grimoire of the Void,2019-05-01,264032,0,4,spotify:track:1fIUv0CoLaUSdMcKv2RGzA
black-metal,Among the Debris of Humanity,Sconsacrata,Split,2021-08-20,161017,0,5,spotify:track:5ZYiBwQI7GdrYLu6E2CLde
black-metal,Mare Infinitum,The Great Old Ones,EOD: A Tale of Dark Legacy,2017-01-27,655620,0,7,spotify:track:76Bj0NI89bkuza3OmxfFJK
black-metal,Rebirth,Inorganic,O.N.E. (Orion Nebula Exposure),2019-04-22,234860,0,6,spotify:track:6V0XSAxz4w4LZtZ1FJhnPc
k-pop,Vjeruj Mi,Jasna Zlokic,"Zvuk Osamdesetih 1980/89, Zabavna I Pop",2011-12-29,205146,0,19,spotify:track:0lCffyXANl4uxbqTX9kXCz
k-pop,–ï–ª–æ—á–∫–∏-–ò–≥–æ–ª–æ—á–∫–∏,Natali,–ú–∏–ª—ã–µ 90-–µ,2023-03-09,23170,0,17,spotify:track:7BofrwFwAUGIMZ1NcHs8ZZ
k-pop,Ja Te Volim,ƒêani Mar≈°an,The Best Of Libar Vol.2,2012-01-19,183133,0,19,spotify:track:71SzjnqNsXihvcyBKJaKc8
k-pop,I'm Fond Of You,Nam Jin,Best Two,2014-03-01,141960,0,3,spotify:track:1AInnJcqxPiCmYrPddMMrW
k-pop,"Den Akousa, Den Eida Kai Den Xero",Mihalis Violaris,Giorgos Katsaros Megales Epitihies,2021-10-01,170760,0,30,spotify:track:3LRz7jjjOo5AAI1RHwlBlR
k-pop,–í–∞—Å–∫–æ –¥–∞ –ì–∞–º–∞ - –ò–Ω—Å—Ç—Ä—É–º–µ–Ω—Ç–∞–ª—å–Ω–∞—è –≤–µ—Ä—Å–∏—è,Da Gudda Jazz,–õ–µ–≥–µ–Ω–¥–∞ (–ò–Ω—Å—Ç—Ä—É–º–µ–Ω—Ç–∞–ª—å–Ω–∞—è –≤–µ—Ä—Å–∏—è),2016-09-24,171755,0,9,spotify:track:63lie3B48ezKGmCSQ5kHAl
k-pop,Look Into My Eyes (Acoustic Ver.) (Feat. WINee),"2LSON, WINee",LUB DUB,2016-11-04,171566,0,2,spotify:track:5REdSoKOwTJT57hsSuhwgo
k-pop,Baba Ke Dham,Satish Das,Baba Ke Dham,2014-10-13,258414,0,1,spotify:track:00ZOnjJcapvxXMakBZ2wzv
k-pop,Tvoje Lice,Tereza Kesovija,Ljubavne Pjesme,1995-01-01,208306,0,4,spotify:track:4dtadr7rNgD531KL91wHuk
k-pop,Hasuli Mangliye Galwa Sobhaneko,Rajiv Raj,Hasuli Mangliye Galwa Sobhaneko,2022-07-11,183809,0,1,spotify:track:57kwXi6IJOySs6HJbcfFv1
k-pop,Lar Lal Poh Pate Pa Ya Say,"Saw Lah Htaw Wah, Aung Pyae Htun, Min Shin Thawe, N Kai Yar, Myint Mo Hein",Mogok 800th Anniversary,2019-06-18,211121,0,2,spotify:track:4xRRcMLkueBbVk6s8cF8Uc
k-pop,Kao da te ne volim,"Klapa Cambi (Ka≈°tel Kambelovac), Goran Karan",Ne diraj moju ljubav,2014-03-20,254986,0,10,spotify:track:0OUsSxqF5s74XMfZnKgimx
k-pop,Grace Upon My Soul,Choi JinHee,ÏµúÏßÑÌù¨ Í∏∞ÎèÑ(Ï£º ÏïàÏóê ÏûàÎäî ÎÇòÏóêÍ≤å),2011-06-02,267520,0,6,spotify:track:7IdJYGXU6B77R14jhlUJRw
k-pop,–ü–∞—Ä–∞–∫–æ—Ä,"AGA-INI, Sultan Ilyaz","Kyrgyz Hip-Hop, Vol. 3",2021-04-06,233261,0,20,spotify:track:4ljcFsVWSDISXTR5Hi0RbG
k-pop,I Don't Know My Mind,Patti Kim,"The Bittersweet Love with You, Love You Only",1971-01-15,191317,0,7,spotify:track:40yoo3nICBpetlwLog0Jvj
k-pop,Sunƒçane Fontane,Tereza Kesovija,Prozor Kraj ƒêardina 1962. - 1999.,2012-11-30,253840,0,2,spotify:track:3oFqyx0rroikr2B0r6pU8I
k-pop,Hronia Potizoume Ti Gi,"Nikos Xilouris, Lili Tsitribini",Ta Adipolemika,2014-01-01,128000,0,1,spotify:track:5RwfrVhvZ6WAA5oqg9T1xt
k-pop,"–ó–∞–∂–≥–∏, –†–æ—Å—Å–∏—è, –∑–∞–∂–≥–∏, —Å—Ç—Ä–∞–Ω–∞!",Saro Vardanyan,"–ó–∞–∂–≥–∏, –†–æ—Å—Å–∏—è, –∑–∞–∂–≥–∏, —Å—Ç—Ä–∞–Ω–∞!",2014-01-30,219271,0,1,spotify:track:4mOa51FWDEWRGHmsLMh8D8
k-pop,–û—Ç–∫—Ä–æ–≤–µ–Ω–Ω–æ,NIJAZ,–û—Ç–∫—Ä–æ–≤–µ–Ω–Ω–æ,2021-08-13,137000,0,1,spotify:track:15xz5Q0JZDNBExqYFNH8KU
k-pop,The Sorrow Of Love,Nam Jin,Best One,2014-03-01,195133,0,9,spotify:track:27nlILxIJnTUHc94q1O0KB
k-pop,–°—á–∏—Ç–∞–ª–æ—á–∫–∞,Natali,–í–∑—Ä—ã–≤–Ω–∞—è —ç–Ω–µ—Ä–≥–∏—è –º—É–∑—ã–∫–∏ 90-—Ö,2024-07-12,208704,0,20,spotify:track:508SGs5fnWR4n3SgKBshP2
k-pop,Treasure Hunt,Cho Yong Pil,Children'S Song Best,2002-05-04,128773,0,10,spotify:track:6wtz8KyBrUxCQCRTKCKREu
k-pop,Downtown Beautiful Girl,Nam Jin,Nam Jin/Na Hoon A Hit Music Complete Collection,1991-01-01,116006,0,7,spotify:track:1uyTx8ZAxo1H4Px4tUtzlf
k-pop,Downtown Beautiful Girl,Nam Jin,Best One,2014-03-01,113426,0,14,spotify:track:7fNo75N5SKcTdYlqXYjg4g
k-pop,Come Back My Love - Live,Gerard Joling,Stout & Nieuw 2007 (Live),2007-12-21,155240,0,9,spotify:track:6mUa0Ru0abPeQCNk32660H
k-pop,Povedi Me,Jasna Zlokic,≈†lageri Vol.5,2005-03-20,204213,0,12,spotify:track:22Le4xFbkzbWZbJDrk17MC
k-pop,–õ–∞–±–∏—Ä–∏–Ω—Ç –ñ“Ø—Ä–µ–∫,”ò–±–¥—ñ–∂–∞–ø–ø–∞—Ä ”ò–ª“õ–æ–∂–∞,–õ–∞–±–∏—Ä–∏–Ω—Ç –ñ“Ø—Ä–µ–∫,2017-08-22,220055,0,1,spotify:track:5ECMBkf15Izyjwfq4pj7vh
k-pop,Where Should i go,DPNS,THE BANKER (Original Television Soundtrack),2019-05-18,188120,0,4,spotify:track:06FTXGyQi1Z27A99FeojXt
k-pop,Jo≈° Ne Znam Kud S Tobom,Hari Ronƒçeviƒá,100 Originalnih Pjesama - Splitski Festival - Ni≈°ta Kontra Splita,2017-06-29,232160,0,19,spotify:track:0hmaJi02monYK60ckAtLO6
k-pop,–ü–ª–∞—Ç—å–µ –Ω–∞ –±—Ä–µ—Ç–µ–ª—è—Ö,Natali,–õ–µ—Ç–Ω—è—è —Ä–æ–º–∞–Ω—Ç–∏–∫–∞,2023-08-17,228576,0,10,spotify:track:351t9IIoE6h4QmF9omvGzp
k-pop,Putih Di Bibir Hitam Di Hati,Dian Piesesha,Perasaan,1984-01-01,211762,1,6,spotify:track:5jhcXtKqjtzBSbYl8cJTQ5
k-pop,Anifadou,Nikos Xilouris,14 Megala Tragoudia - Kritika,2008-02-06,195053,0,2,spotify:track:70ybtDiI52ERZDzHOsCkkv
k-pop,Vet√´m,Ermal Fejzullahu,Pse Me Ike,2018-04-18,217929,0,6,spotify:track:5c83Yj0YuMfJhUedoT4ka1
k-pop,–ê–ª—Ç—ã–Ω—ã–º,–ù—É—Ä–º–∞—Ç –°–∞–¥—ã—Ä–æ–≤,–≠—Å—Ç–µ–¥–∏–º,2020-11-01,195213,0,4,spotify:track:63cBJMZy9EiQhyelxJmrYG
k-pop,Super Dominant,Patti Kim,Best Collection,2014-03-01,121506,0,13,spotify:track:4Y0WP8Jh2RPTz6yOcpTNvF
k-pop,Throw Down for the Crown,Sultan of the Disco,I've Got a Hottie Little Sister,2008-02-14,235226,0,3,spotify:track:1icJPU1Xkgx2MRFhqzsc3h
k-pop,ÎÇòÎùºÏùò Í∞ÄÏùÑÍ≥º Í≤ΩÏ£ºÏùò Í∞ÄÏùÑ,Kim Yeon Sook,2020 ÎèÑÏøÑ Ïò¨Î¶ºÌîΩ Í∞úÏµú Ï∂ïÌïòÏùåÎ∞ò,2015-10-28,247520,0,4,spotify:track:5ro0K1kPwiJG8K3R6Fb6eO
k-pop,My Territory,12m√©,My Territory,2022-04-11,126521,0,1,spotify:track:3R4YzcJpembQ9RR1hmu1sE
k-pop,Vazge√ßmedim,ƒ∞rfan Akbulut,Me≈ühur Oldum,2019-12-05,257813,0,6,spotify:track:5Wa1VQ67LnsZLBp8Zd9APK
k-pop,–ü–æ–µ—Ö–∞–ª–∏ –Ω–∞ –¥–∞—á—É!,Natali,–í–µ—Å–Ω–∞ –≤ –≥–æ—Ä–æ–¥–µ,2024-04-25,169285,0,9,spotify:track:4JX9pgNh3Uyq5eazwJ4XoK
k-pop,Lawul' Impilo yami,Jay Jay,Izulu,2015-04-09,280493,0,3,spotify:track:2vLDabHfdJ1lVIccfoLa5z
k-pop,Lockdown,Vicmass Luodollar,Lockdown,2020-06-22,193008,0,1,spotify:track:206CMv41SHWcKEWX4Cn2NF
k-pop,Rock'n roll music - 2013 Live Version,Lim Jae Beum,Í±∑Îã§Î≥¥Î©¥... (2013ÎÖÑ ÏûÑÏû¨Î≤î Ï†ÑÍµ≠Ìà¨Ïñ¥ ÏΩòÏÑúÌä∏),2013-12-02,273316,0,11,spotify:track:2ajHwIEkM2KsI3DE7SdAwV
k-pop,Forever,Jay Jay,Forever,2022-05-27,179144,0,1,spotify:track:2b8slrvpAPQ81KbNovsZOt
k-pop,ÏÇ¨ÎûëÏùÄ ÏïÑÏßÅÎèÑ ÎÅùÎÇòÏßÄ ÏïäÏïòÎÑ§,Choi JinHee,Ïπ¥ÌéòÎÖ∏Îûò Vol.1,1991-11-01,151506,0,7,spotify:track:5z7RDYnJtRqZ1oNtyRpB3f
k-pop,Night cruising,NO_ON,Night run,2018-10-05,198260,0,5,spotify:track:0pW2iXcww2QUWtDQHHp3SC
k-pop,Angels Heap,Tim Finn,Horizon,2007-01-01,225493,0,4,spotify:track:0RHNrNQHZRLl8oAz3f3B2v
k-pop,Ë∞ÅÊù•ÂêåÊÉÖÊàë,Teresa Teng,ÂõûÈ°æÊóßÊó∂ÊÉÖÂ•ΩÊ≠åÁªèÂÖ∏5-8 Vol.2,2014-09-02,121760,0,25,spotify:track:2ej4InSjSK1cSpgRXRAwTK
k-pop,TOO MUCH,Jack Harlow,10s Rap,2024-03-15,215135,0,9,spotify:track:7GEJR0XPoor3GP3OH38a48
k-pop,En midsommarkv√§ll,"Harry Persson, Curts dragspelskvartett","Jules Sylvain Schlagermelodier, vol. 13",2023-11-17,194815,0,11,spotify:track:1qoXIvn23OMco7DNVVLj1Y
hip-hop,–õ—å–¥—ã –ù–µ–≤—ã,Skeeny,–õ—å–¥—ã –ù–µ–≤—ã,2024-03-01,81568,0,1,spotify:track:5Q7rh3eE4kCbXknJNeXHkQ
hip-hop,Bolla,GRAFFITY,Bolla,2024-04-16,158887,0,1,spotify:track:4gFrgYkH9SU8qv7yBG1AOq
hip-hop,Barcode,Icaki,–û—Ç—Ä–µ–ø–∫–∞,2019-08-08,135724,0,11,spotify:track:0IxnjSC0OaThxOc4UcmW0m
hip-hop,Tete Wa,Lord Of Ajasa,"Limitless Urban, Vol. 36",2021-06-28,297952,0,4,spotify:track:7ajipors7kVa0dq9T9wPap
hip-hop,Ain't Bout That Life,"Baby Brown, Idrise","Hit Explosion 2016, Pt. 3",2016-10-01,287402,0,30,spotify:track:1i1l1MGIS5ghsSPLufcV4A
hip-hop,Philomina [Episode 2],"Magnito, Bovi",Philomina [Episode 2],2020-07-23,94736,0,1,spotify:track:6Bi3bJTzp9zOQLJpZdziz7
hip-hop,i≈Å≈Å‚Ç¨GŒî≈Å G–ØŒîV‚Ç¨ mv¬ßi‚Ñ≠,Noah23,–§C“úv≈Å‚Ä† ‚Ä†–Øi≈Å≈Å II,2011-10-28,335667,0,8,spotify:track:6duV8bQFBAzodYelgdpcdg
hip-hop,WE COULD MAKE STORIES,"Moezart, Qihbad",The Sunrise Tapes,2021-08-20,174245,0,1,spotify:track:6c93OJOGJqASKHkDXz6jj4
hip-hop,Realitetsrap,Svend Spyt,Realitetsrap,2024-01-19,117209,0,1,spotify:track:3gD0u0l1DcT8XwblV1SWbD
hip-hop,Outro,BVA,Bva MC,2012-09-18,28755,0,10,spotify:track:1Ds22mgBDHic93ycVHcvx1
hip-hop,Outro - Skit,Smoke DZA,George Kush da Button: Don't Pass Trump the Blunt,2016-05-31,20373,0,15,spotify:track:3Mjl6vkbRvUTvl32n2VdT8
hip-hop,Crush on You,Lil' Kim,90's Party Anthems,2016-11-26,275640,0,15,spotify:track:1jobY8YQKj0Kuw8zlGlr1u
hip-hop,Are Dharm Yudhistar Se - Hindi,Harendra Nagar,Are Dharm Yudhistar Se (Hindi),2022-11-16,857154,0,1,spotify:track:3V8gpHR8hCcSgwL4m3RRea
hip-hop,–í–∞—Å–∫–æ –¥–∞ –ì–∞–º–∞ - –ò–Ω—Å—Ç—Ä—É–º–µ–Ω—Ç–∞–ª—å–Ω–∞—è –≤–µ—Ä—Å–∏—è,Da Gudda Jazz,–õ–µ–≥–µ–Ω–¥–∞ (–ò–Ω—Å—Ç—Ä—É–º–µ–Ω—Ç–∞–ª—å–Ω–∞—è –≤–µ—Ä—Å–∏—è),2016-09-24,171755,0,9,spotify:track:63lie3B48ezKGmCSQ5kHAl
hip-hop,Octave Love,OCnotes,Old Canvas,2023-10-06,59861,0,42,spotify:track:7GFCgHbzClKKaqySwPuuKQ
hip-hop,Fire Dance,ohbliv,Ecstasis by Darktwaine,2018-08-02,260349,0,3,spotify:track:4U90OD4ay3vKkYs8FQODac
hip-hop,Fellow,"Lastend, Wavy Mroy",Fellow,2019-09-06,181498,0,1,spotify:track:4s3CNMSqNuII7Gfs8hbQlX
hip-hop,Bhuli Galu,Damo,Bhuli Galu,2024-05-15,307989,0,1,spotify:track:6c4oezXWy4c7wpVE2MxquF
hip-hop,Slobodan Stil,"Nid≈æa Bleja, Plavi, Firma, D.O.N.",Slobodan Stil,2005-11-21,372845,0,1,spotify:track:5RDuYOIjQnW6F6hlejfiUq
hip-hop,Dr. BAE - Instrumental,Hollywood Luck,Welcome To Hollywood (Instrumental),2022-03-17,166452,0,7,spotify:track:7nEqElzHrNOKA9RmONelNk
hip-hop,POLO FREESTYLE,Readi,POLO FREESTYLE,2020-12-19,72019,0,1,spotify:track:7IZFANmjgolMqynqWlLrpZ
hip-hop,Gunzzz,Showbiz,Still Diggin: Volume 1,2012-04-24,152600,0,13,spotify:track:0urU5gEnYlXW3EXSOfYz2O
hip-hop,Interlude,Jim Jones,The Owner's Manual,2005-08-16,14640,0,13,spotify:track:29G73SYpz8JHuSJQ595V7M
hip-hop,Hood,"Johnny Katharsis, Testa",Irrlichter - Instrumental Collection,2023-09-19,146380,0,43,spotify:track:2dCdk1LwjQNBHfz5dvpGdb
hip-hop,Ghetto Youth,Brass Tacks,The Gold Tape,1995-08-08,20789,0,9,spotify:track:2T88pN4AjyjqdbazJVUrGF
hip-hop,CYBERSH!T,whereamiohmygod,SHANGOD,2024-10-12,102400,0,2,spotify:track:0F6G9E5WDDFavpkSydO5xV
hip-hop,Joseph Fanai x Tetea J Nuimawite,Zorimawi,Joseph Fanai x Tetea J Nuimawite,2016-12-03,183000,0,1,spotify:track:6niWVU1iaAZxnM9zjQOO1v
hip-hop,Truth Hurts,Lizzo,Pool Parties 2024,2024-04-24,173325,0,2,spotify:track:0kr46K9geFCUoMOoH56nVy
hip-hop,What If I Told You That I Love You,Ali Gatie,Easy Pop - 20's,2024-01-12,193667,0,24,spotify:track:1tI9gZ9CRZ7IQCkoSOGP4F
hip-hop,Birdsong,Tim Taylor,A Little Orange,2019-08-18,433387,0,11,spotify:track:5MpbRJKJ6NNkkKqVc10gxk
hip-hop,Ms. Jacki,Jacki-O,Poe Little Rich Girl - Clean,2004-10-26,236600,0,2,spotify:track:0ypcXhlJwFQiTabW6gK1nt
hip-hop,For Da Strip Club,Kc Young Boss,King Shit (Remastered),2019-08-22,220285,0,7,spotify:track:7c6b8zBWFatjkjfk2q7hv1
hip-hop,Lukisan Hidup,"Ebith Beat A, DYAN WIDYA",Lukisan Hidup,2024-02-16,240020,1,1,spotify:track:6kYxxwjXGyROoiNLobxKhW
hip-hop,Ocean Spray,OCnotes,The Beach Scavenger,2023-10-06,78548,0,10,spotify:track:1crVyO3SkdPfMgQQ9kBwcl
hip-hop,Timeout,Dialekten,Spis Rester 2 (Mixtape),2012-05-27,281907,0,15,spotify:track:5wQAP0KwItQfcdGLNhqmlB
hip-hop,Inside,"Porter Ray, JusMoni",Electric Rain,2016-07-15,138935,0,5,spotify:track:4rjgpdZlA8NI6ygP5vhYH5
hip-hop,Cold Summer,Lil Los,Cold Summer (w/ Nate Bone),2019-08-26,169665,0,1,spotify:track:4vleIGXGTYoFEC4I89K309
hip-hop,Make Me Feel,Janelle Mon√°e,Mardi Gras Party 2024,2024-02-10,194230,0,32,spotify:track:1gD85rWzCFsriz721Dez7u
hip-hop,Clout,Nines,Rap Royalty,2022-01-14,155837,0,27,spotify:track:19MDh6XvMEbnEJb0UPmAuY
hip-hop,Purse,Lilrb,Billionaire Intentions,2023-06-02,124604,2,7,spotify:track:46WIIC9Qhd7EkhhzEJNfg2
hip-hop,Try More D2o,Doseone,High Hell Soundtrack,2017-10-22,27428,0,4,spotify:track:08Fbh0y69EYtEOLKtPWg8Y
hip-hop,Lem & Ginger,Abnormal Sleepz,Meditape III,2021-07-27,204800,0,14,spotify:track:0hDi6ST38PB7kSPWKo7frn
hip-hop,playing with the stars,OCnotes,Crater Nate,2014-08-26,68666,0,35,spotify:track:69SSNFBIwGxggr2PElPZiU
hip-hop,Game Thicc,"Rich The Factor, Rush",Black Border Brothers 2,2011-09-13,233499,1,8,spotify:track:6XO0zbXB7Hfu2tl4tQ9uri
hip-hop,I.a.G.F.P.,"C.W. Da YoungBlood, Jonesy, Tiio-Etienne",A Fake Nigga Made It Before I Did,2019-02-23,222913,0,6,spotify:track:2bQZHFUaY84Jfvo4vQKVXX
hip-hop,LA,Scoot Da Kidd,That Type Of Time 2,2022-07-14,171337,0,3,spotify:track:5SEbjP1iWJEHgvCCzlG6dE
hip-hop,Lover,whereamiohmygod,for the birds,2022-06-27,76896,0,9,spotify:track:7sDgR6sGXTM6QGQUMjmgaP
hip-hop,BUSY (interlude),austin fox Áãê,ESCAPE FROM TELEVANIA,2020-11-27,159103,0,6,spotify:track:1hcIzFVnL4i5qoiy4lcLHe
hip-hop,GORDO RONALDO,Micro TDH,Rimas Latinas,2023-07-21,194830,0,19,spotify:track:3fattsieFJVp7K9JWqny4s
hip-hop,Going Down,Szenario,Dreaming In Public,2010-02-26,95853,0,15,spotify:track:6IXoxS5I3ZwAQ2lPnwAO7p
electronic,DIA DEL√çCIA,"Nakama, Mc Staff, Œ£P",DIA DEL√çCIA,2025-04-25,75461,90,1,spotify:track:094IjHeVUviN4aBnSXYsuj
electronic,PASSO BEM SOLTO - Slowed,ATLXS,PASSO BEM SOLTO,2024-04-23,116072,89,3,spotify:track:4sTlQPMyoFMPdhAJvErBN3
electronic,LUNA BALA - Slowed,"Yb Wasg'ood, Ariis",LUNA BALA,2025-04-18,124110,88,2,spotify:track:49t3uvN9hUNefdvtaD6HBj
electronic,Vem Vem,"Jmilton, MC Xangai",Vem Vem,2025-05-30,83183,85,1,spotify:track:2FnkrCrbXJuebXxnVtXiHI
electronic,MONTAGEM BAIL√ÉO,"Repsaj, ATLXS, Mc Jhey",MONTAGEM BAIL√ÉO,2025-04-04,103727,87,1,spotify:track:1RnPdd7EKKhKN3E4o4DRsh
electronic,Titanium (feat. Sia),"David Guetta, Sia",Nothing but the Beat (Ultimate Edition),2012-12-07,245040,85,1,spotify:track:0TDLuuLlV54CkRRUOahJb4
electronic,I'm Good (Blue),"David Guetta, Bebe Rexha",I'm Good (Blue),2022-08-26,175238,87,1,spotify:track:4uUG5RXrOk84mYEfFvj3cK
electronic,"What Is Love - 7"" Mix",Haddaway,The Album,1993-09-13,270373,84,1,spotify:track:0OTO8ZF2YqFQVw9hnZylTd
electronic,MONTAGEM XONADA,"MXZI, Dj Samir, DJ Javi26",MONTAGEM XONADA,2025-07-02,75682,83,1,spotify:track:2Gs0iF27my40p0dANv2rAg
electronic,"Freed From Desire - prod. Molella, Phil Jay","Gala, Molella, Phil Jay",Come Into My Life (The Album),1997-11-17,213394,81,10,spotify:track:3u5N55tHf7hXATSQrjBh2q
electronic,LOS VOLTAJE,"Sayfalse, Yb Wasg'ood, Ariis",LOS VOLTAJE,2025-04-11,99285,85,1,spotify:track:4LkkRLP8pldQer1YRrHwkx
electronic,Outside (feat. Ellie Goulding),"Calvin Harris, Ellie Goulding",Motion,2014-10-31,227266,87,6,spotify:track:7MmG8p0F9N3C4AXdK6o6Eb
electronic,MENTE M√Å,"Nakama, Mc Staff",MENTE M√Å,2025-05-16,75302,84,1,spotify:track:11gZL0HigsqfzjTHOpdFjE
electronic,Memories (feat. Kid Cudi),"David Guetta, Kid Cudi",One More Love,2010-11-22,210093,83,4,spotify:track:7fLzbEOBOae9lUnOwr7Tse
electronic,Funk de Beleza - Slowed,"Nateki, Scythermane, MC MAYAH",Funk de Beleza,2024-10-04,145115,82,2,spotify:track:43jExF2HeZ6cJIGrWF0ie4
electronic,Sexy Bitch (feat. Akon),"David Guetta, Akon",One More Love,2010-11-22,195853,82,3,spotify:track:2dGxjfhFXDIUX9h5ImyKkE
electronic,MONTAGEM TOMADA - Slowed,MXZI,MONTAGEM TOMADA,2025-03-21,84901,84,2,spotify:track:2HJQm4T3Pk2zvxoFhlnGjR
electronic,Black Friday (pretty like the sun),"Lost Frequencies, Tom Odell",Black Friday (pretty like the sun),2024-07-19,145599,85,1,spotify:track:4MSj19TwYBLgDFj3ddEeco
electronic,Are You With Me,Lost Frequencies,Less Is More,2016-10-21,138013,83,12,spotify:track:4255amV4enzl28KAn16rUO
electronic,MONTAGEM TOMADA,MXZI,MONTAGEM TOMADA,2025-03-21,71392,83,1,spotify:track:2UEyo3ufg8DvO0zYMJWG7R
electronic,The Nights,Avicii,The Days / Nights,2014-01-01,176658,86,2,spotify:track:0ct6r3EGTcMLPtrXHDvVjc
electronic,Summer,Calvin Harris,Motion,2014-10-31,222533,87,8,spotify:track:6YUTL4dYpB9xZO5qExPf05
electronic,Feel So Close - Radio Edit,Calvin Harris,18 Months,2012-10-29,206413,86,3,spotify:track:1gihuPhrLraKYrJMAEONyc
electronic,The Sound of Silence - CYRIL Remix,"Disturbed, CYRIL",The Sound of Silence (CYRIL Remix),2024-02-02,185238,84,1,spotify:track:1LY3GhF0zxIVgbYEQjCbUO
electronic,You & Me - Rivo Remix,"Disclosure, Eliza Doolittle, Rivo",You & Me (Rivo Remix),2023-12-22,208524,84,1,spotify:track:0xoYZ45fgTfyQYREZPN7Sa
electronic,Blessings,"Calvin Harris, Clementine Douglas",Blessings,2025-05-09,219650,89,1,spotify:track:78nx0HDJIFD5xDq2L5420Z
electronic,Blame (feat. John Newman),"Calvin Harris, John Newman",Motion,2014-10-31,212960,83,3,spotify:track:07nH4ifBxUB4lZcsf44Brn
electronic,Live Forever,Oasis,Definitely Maybe,1994-08-29,276866,71,3,spotify:track:1KgfeuVn5OlsBEtoEmBa1t
electronic,Sugar (feat. Francesco Yates),"Robin Schulz, Francesco Yates",Sugar,2015-09-25,219043,83,2,spotify:track:5tf1VVWniHgryyumXyJM7w
electronic,Waiting For Love,Avicii,Stories,2015-10-02,230613,83,1,spotify:track:2P4OICZRVAQcYAV2JReRfj
electronic,All That She Wants,Ace of Base,The Sign,1993-12-24,211213,82,1,spotify:track:6kWJvPfC4DgUpRsXKNa9z9
electronic,Montagem Bandido,"Jmilton, Itamar Mc",Montagem Bandido,2025-05-02,86953,79,1,spotify:track:5s9JKS0P0exKgwLe4yCjAK
electronic,Montagem Bandido - Slowed,"Jmilton, Itamar Mc",Montagem Bandido,2025-05-02,97606,80,2,spotify:track:2spuCBVvQyCsQFHIiie8gP
electronic,NUNCA MUDA?,"Scythermane, NXGHT!, MC Fabinho da Osk",NUNCA MUDA?,2025-01-09,81500,83,1,spotify:track:5EIjpM1B1VsLoKvv2iwd0P
electronic,There Is a Light That Never Goes Out - 2011 Remaster,The Smiths,The Queen Is Dead,1986-06-16,244586,84,9,spotify:track:0WQiDwKJclirSYG9v5tayI
electronic,RITMO DE VERAO - SLOWED,"GXMZ, SEKIMANE, Repsaj",RITMO DE VERAO,2025-03-07,99194,80,2,spotify:track:344ilORk7mOQH1BbiufL9w
electronic,One More Time,Daft Punk,Discovery,2001-03-12,320357,80,1,spotify:track:0DiWol3AO6WpXZgp0goxAV
electronic,FUNK DO BOUNCE (Slowed),Ariis,FUNK DO BOUNCE (Slowed),2024-08-30,107539,81,1,spotify:track:7IBqHkoP94VrgYKVns4eNz
electronic,Prayer in C - Robin Schulz Radio Edit,"Lilly Wood and The Prick, Robin Schulz",Prayer in C,2014-05-16,189413,79,1,spotify:track:5fnA9mkIfScSqHIpeDyvck
electronic,I Took A Pill In Ibiza - Seeb Remix,"Mike Posner, Seeb","At Night, Alone.",2016-05-06,197933,83,13,spotify:track:0vbtURX4qv1l7besfwmnD8
electronic,Champagne Supernova - Remastered,Oasis,(What's The Story) Morning Glory? [Remastered],1995-10-02,451320,71,12,spotify:track:1wo3UYTeizJHkwYIuLuBPF
electronic,Thank You (Not So Bad),"Dimitri Vegas & Like Mike, Ti√´sto, Dido, W&W, Dimitri Vegas, Like Mike",Thank You (Not So Bad),2023-12-01,140000,84,1,spotify:track:09CnYHiZ5jGT1wr1TXJ9Zt
electronic,World Hold On (Children of the Sky) - Radio Edit,"Bob Sinclar, Steve Edwards",World Hold On (Children of the Sky) [Radio Edit],2006-06-06,199194,79,1,spotify:track:3HGwI9qwq5XqBDeZBV3zti
electronic,Don't You Worry Child - Radio Edit,"Swedish House Mafia, John Martin",Don't You Worry Child,2012-09-14,212862,83,1,spotify:track:2V65y3PX4DkRhy1djlxd9p
electronic,Waves - Robin Schulz Radio Edit,"Mr. Probz, Robin Schulz",Waves (Robin Schulz Radio Edit),2014-02-07,208133,83,1,spotify:track:1HFfMOxCAT4GAwaPfCdmUs
electronic,Play Hard (feat. Ne-Yo & Akon),"David Guetta, Ne-Yo, Akon",Nothing but the Beat (Ultimate Edition),2012-12-07,201000,78,6,spotify:track:5YPMEOJ58kfl56VHxTgwx3
electronic,Without You (feat. Usher),"David Guetta, USHER",Nothing but the Beat (Ultimate Edition),2012-12-07,208133,79,4,spotify:track:3UN6cIn3VIyg0z1LCuFSum
electronic,SPOOKY,"fennecxx, DJ ALEX",SPOOKY,2024-10-24,96923,79,1,spotify:track:4aT2W9wchQKAimxVFSRIva
electronic,Supersonic - Remastered,Oasis,Definitely Maybe (Remastered),1994-08-29,283786,67,6,spotify:track:6dUfUi14QkuIpGA0GFFPyC
electronic,OLHA MENSAGEM,"SEKIMANE, Scythermane, NXGHT!, DJ DYLANFK, KGJ",OLHA MENSAGEM,2025-04-16,100714,76,1,spotify:track:4bRgPiewooIntAQfPx4sCG
